fecha,fondo,clase,vcp,patrimonio
2026-10-06,304,308,240.923415,1540114716468.27
2026-10-06,1241,3445,31.455008,95851412266.88
2026-10-06,759,1682,70.061561,175758796533.64
2026-10-06,1797,6151,1.02587,97031810.07
2026-10-06,760,1683,79.551609,18760687635.32
2026-10-06,1240,3444,28.209598,13454206994.79
2026-10-06,275,275,2193.229325,30971282161.09
2026-10-06,102,102,9876.948332,40801425574.26
2026-10-06,1868,6459,1.004545,51887161.57
2026-10-06,211,211,38.455387,288637632526.01
2026-10-06,244,6799,38.457875,1476598114910.48
2026-10-06,244,6800,38.372922,0.0
2026-10-06,1540,4638,1.991163,29642367764.28
2026-10-06,773,1738,1.292701,40572021.91
2026-10-06,773,5276,1.053391,106342.3
2026-10-06,1321,3764,17.380321,12165842167.05
2026-10-06,1367,3918,8.005271,12059667706.73
2026-10-06,570,1158,105.564354,88671533206.32
2026-10-06,1847,6374,1.029859,16199844.92
2026-10-06,77,77,15287.823903,72529984785.15
2026-10-06,1852,6390,0.994332,2317317.57
2026-10-06,407,736,245.688285,269086865908.41
2026-10-06,41,41,26234.885159,39167907615.51
2026-10-06,1276,3552,1.524541,6871197371.58
2026-10-06,1276,3553,1.826809,11225138568.56
2026-10-06,1276,3554,1.840378,59094773274.3
2026-10-06,1276,5259,1.102488,0.0
2026-10-06,1252,3475,13.020954,317904919.87
2026-10-06,1252,3476,13.244188,8193963645.13
2026-10-06,1252,3477,3.946658,1141912122.43
2026-10-06,1410,4109,1.050041,164898437.24
2026-10-06,1410,4110,22.405292,10551376285.53
2026-10-06,1410,4111,1.177496,96009021963.93
2026-10-06,622,1255,179.174084,11771790435.34
2026-10-06,622,1256,211.380138,13000126461.12
2026-10-06,1391,4021,3.856975,2527908960.45
2026-10-06,1391,4022,3.94215,22595059519.53
2026-10-06,1391,4023,4.101258,6627854260.56
2026-10-06,1391,6219,1.15865,2694082.19
2026-10-06,712,1530,1.043586,25986412.99
2026-10-06,712,1531,1.041738,39166957.34
2026-10-06,712,1532,1.042748,128100099.06
2026-10-06,712,5107,1.042477,7788155.53
2026-10-06,712,6046,1.016213,0.0
2026-10-06,883,2565,19.234134,23793442096.4
2026-10-06,883,2566,20.521507,363153159145.5
2026-10-06,883,2573,20.818549,320727376042.19
2026-10-06,883,6045,1.218573,141908344504.34
2026-10-06,883,4260,1.535104,119309688.45
2026-10-06,883,3532,21.311741,37407775764.77
2026-10-06,1626,5395,1.229121,2532773483.25
2026-10-06,1626,5396,1.239112,656341728.98
2026-10-06,1626,5397,1.298699,0.0
2026-10-06,1516,4535,1.828443,3911165538.18
2026-10-06,1516,4536,1.848889,14997102564.4
2026-10-06,575,1167,141.738409,3921387.61
2026-10-06,575,1168,128.937752,45921746447.65
2026-10-06,1402,4070,5.309363,12009553142.13
2026-10-06,1402,4071,5.308147,3876964142.99
2026-10-06,1302,3702,84.1642,29882520599.1
2026-10-06,1322,3765,167.60763,4388461924.86
2026-10-06,1322,3766,203.123115,0.0
2026-10-06,667,1393,18.529562,101523482464.29
2026-10-06,1512,4521,2.367036,33303055286.6
2026-10-06,1375,3951,8.130409,19105886.97
2026-10-06,1375,3952,8.145892,52457504305.38
2026-10-06,1254,3483,29.353148,23622789795.11
2026-10-06,1558,4949,1.758939,28809144976.39
2026-10-06,1457,4306,6.166872,3792825222.3
2026-10-06,1457,4307,6.265602,36006215689.25
2026-10-06,1457,4308,6.544092,7432919536.27
2026-10-06,1458,4309,1.811404,1437910474.67
2026-10-06,1458,4310,1.562963,255417917.6
2026-10-06,1521,4553,1.671934,63089187980.25
2026-10-06,1401,4062,6.061765,17250681290.52
2026-10-06,1401,4063,6.062795,1135732041.89
2026-10-06,594,1203,22.756132,3256860209.14
2026-10-06,594,1204,1.758586,0.0
2026-10-06,589,1191,105.619755,60531795.05
2026-10-06,589,1192,129.887578,296690601.62
2026-10-06,589,3306,14.583239,22096268.04
2026-10-06,589,4048,5.480555,0.0
2026-10-06,1216,3367,42.480557,12017715434.91
2026-10-06,1216,3368,44.193165,25360348246.34
2026-10-06,1216,3369,47.278352,0.0
2026-10-06,1396,4044,6.20704,52962245.24
2026-10-06,1396,4045,6.077756,3701840539.64
2026-10-06,1396,4046,6.137075,7152647318.48
2026-10-06,1368,3920,1.809731,0.0
2026-10-06,1368,3921,11.747561,10689076760.29
2026-10-06,1368,3922,1.809731,0.0
2026-10-06,1368,3923,1.809731,0.0
2026-10-06,550,1112,59.924377,58012094.38
2026-10-06,550,1113,54.317817,7677509250.8
2026-10-06,550,3407,57.057292,8020839756.76
2026-10-06,1610,5301,1.792282,3584817172.36
2026-10-06,1610,5302,1.792003,27617930052.5
2026-10-06,1578,5133,6.637915,43295814911.78
2026-10-06,1578,5134,6.619496,0.0
2026-10-06,1579,5138,1.335606,10755519821.62
2026-10-06,1580,5141,1.05599,3445678203.97
2026-10-06,1580,5142,1.057767,99867253.99
2026-10-06,1580,5143,1.061417,1482287.42
2026-10-06,640,1298,20.125274,0.0
2026-10-06,640,1299,69.649,992146386.38
2026-10-06,640,3300,353.232585,0.0
2026-10-06,1193,3233,89.652043,0.0
2026-10-06,1094,3234,1.022874,18137024423.25
2026-10-06,1193,3235,4.716382,0.0
2026-10-06,612,1235,31.033144,1345436073.19
2026-10-06,612,1236,30.653292,4473139881.75
2026-10-06,612,3326,33.335165,0.0
2026-10-06,1851,6387,1.030724,0.0
2026-10-06,1851,6388,1.029721,10295577.56
2026-10-06,1851,6389,1.030724,0.0
2026-10-06,1958,6668,0.989989,1271797.23
2026-10-06,1958,6669,0.989989,2244026.89
2026-10-06,1958,6670,0.991792,0.0
2026-10-06,1959,6687,0.999151,243201.0
2026-10-06,1959,6688,0.999495,999.23
2026-10-06,1959,6689,1.000582,0.0
2026-10-06,1364,3910,21.378941,67795469.25
2026-10-06,1364,3911,21.54882,1143460931.32
2026-10-06,590,1194,142.742465,16663465463.02
2026-10-06,590,1195,148.919285,64901725451.5
2026-10-06,590,1574,83.248218,9923462727.79
2026-10-06,750,2480,1.474134,0.0
2026-10-06,750,1645,1.345836,32009803.09
2026-10-06,750,1646,1.372264,6906432.78
2026-10-06,750,1647,1.405462,2682065.32
2026-10-06,531,1070,196.749807,5639399033.62
2026-10-06,531,1071,215.862225,2163938964.27
2026-10-06,531,3343,247.832983,0.0
2026-10-06,1311,3727,12.846216,13893555419.26
2026-10-06,1311,3728,12.846307,26498491303.38
2026-10-06,1311,3729,13.125727,13120688920.7
2026-10-06,1437,4212,4.633104,18278432.86
2026-10-06,1437,4213,4.581504,880012497.16
2026-10-06,1437,4214,4.607191,3011322437.05
2026-10-06,1269,3533,1.01494,0.0
2026-10-06,1269,3534,16.352171,57083877408.32
2026-10-06,1269,3535,1.0,0.0
2026-10-06,1269,3536,1.0,0.0
2026-10-06,800,1991,1000.0,0.0
2026-10-06,800,1992,1000.0,0.0
2026-10-06,800,2467,1505.172826,3719656234.94
2026-10-06,893,5662,1.0,0.0
2026-10-06,893,5663,1.238321,253.41
2026-10-06,893,5664,1.0,0.0
2026-10-06,893,2610,1.029041,0.0
2026-10-06,893,2611,1.210413,446935.95
2026-10-06,893,2612,1.231814,6159072.31
2026-10-06,893,5665,1.035584,0.0
2026-10-06,893,2614,1.046239,0.0
2026-10-06,893,5666,1.0,0.0
2026-10-06,893,2616,1.149885,658636.39
2026-10-06,456,873,35.921823,35152886.72
2026-10-06,456,874,201.208845,64335755001.73
2026-10-06,456,1451,63.177339,13821385914.17
2026-10-06,441,835,784.355056,14233575896.72
2026-10-06,441,836,1103.512343,12359915512.22
2026-10-06,441,3305,0.098584,0.0
2026-10-06,1450,4279,1.741534,467932334.42
2026-10-06,1450,4280,1.733394,446834231.85
2026-10-06,1450,4281,1.063756,0.0
2026-10-06,442,837,107.572479,20289923941.97
2026-10-06,442,838,110.610381,356816161094.17
2026-10-06,442,1903,33.76027,293514719791.23
2026-10-06,442,5127,108.767528,163655142859.54
2026-10-06,1669,5586,1.0,100000.0
2026-10-06,1669,5587,1.0,0.0
2026-10-06,1669,5588,1.0,0.0
2026-10-06,1669,5585,1.0,0.0
2026-10-06,1669,5590,1.0,0.0
2026-10-06,462,902,256.354121,34079098852.24
2026-10-06,462,903,257.822396,221483578874.41
2026-10-06,462,904,27.004259,7830854580.66
2026-10-06,462,4246,1.080237,0.0
2026-10-06,462,6619,1.0,0.0
2026-10-06,462,6606,1.041408,30059.24
2026-10-06,1769,6034,1.0,0.0
2026-10-06,1769,6035,1.046431,23471341417.02
2026-10-06,1769,6036,1.0,0.0
2026-10-06,1769,6037,1.0,0.0
2026-10-06,1780,6072,1.0,0.0
2026-10-06,1780,6073,1.126246,11262.46
2026-10-06,1780,6074,1.126271,33309305958.2
2026-10-06,1780,6075,1.0,0.0
2026-10-06,1204,3314,9.02537,0.0
2026-10-06,1204,3315,1.00152,0.0
2026-10-06,1204,3316,21.304823,1626350294.66
2026-10-06,1204,3317,1.0,0.0
2026-10-06,1290,3609,6.775201,368129796.94
2026-10-06,1290,3610,6.895324,12728264732.39
2026-10-06,1290,3611,3.409743,0.0
2026-10-06,477,948,7.461861,125868365.82
2026-10-06,477,946,140.525801,8137799455.32
2026-10-06,477,949,21.999589,0.0
2026-10-06,1210,3348,18.041623,0.0
2026-10-06,1210,3349,18.642745,20900609194.98
2026-10-06,1210,3350,1.0,0.0
2026-10-06,1210,3351,1.0,0.0
2026-10-06,1365,3913,7.512335,97914909.62
2026-10-06,1365,3914,6.247584,672103645.84
2026-10-06,1365,3915,2.721337,0.0
2026-10-06,1365,3950,8.350581,14382041741.9
2026-10-06,1414,4129,2.122423,10795030337.07
2026-10-06,1414,4130,3.990573,32022033716.08
2026-10-06,1414,4131,2.206708,6020140451.06
2026-10-06,1420,4147,1.0,0.0
2026-10-06,1420,4148,3.2109,27555187727.61
2026-10-06,1420,4149,1.0,0.0
2026-10-06,742,1622,191.348616,29070652299.83
2026-10-06,742,1623,128.30755,0.0
2026-10-06,742,1624,86.007719,14512466310.53
2026-10-06,742,6635,1.0,0.0
2026-10-06,742,6613,1.052339,45653.6
2026-10-06,1543,4650,1.022652,43844516.63
2026-10-06,1543,4651,1.024838,180236895.41
2026-10-06,1543,4652,1.024936,88120213.66
2026-10-06,1514,4525,1.095272,134379057.9
2026-10-06,1514,4526,1.099073,155912042.24
2026-10-06,1514,4527,1.097289,112865055.13
2026-10-06,1514,6621,1.0,0.0
2026-10-06,1514,6610,1.0,24.54
2026-10-06,1244,3451,1.058271,6151067.26
2026-10-06,1244,3452,0.468761,2329813.28
2026-10-06,1244,3453,1.0,0.0
2026-10-06,1244,3454,1.0,0.0
2026-10-06,1435,4206,1.228371,85974882.68
2026-10-06,1435,4207,1.237775,72532038.3
2026-10-06,1435,4208,1.017818,10440863.63
2026-10-06,1435,6620,1.0,0.0
2026-10-06,1435,6608,1.005519,66.01
2026-10-06,1663,5554,1.010254,0.0
2026-10-06,1663,5555,1.009911,3960156.9
2026-10-06,1663,5556,1.0,0.0
2026-10-06,1663,5557,1.0,0.0
2026-10-06,781,1759,1.342132,7942586.89
2026-10-06,781,1760,1.352849,9320826.92
2026-10-06,781,1761,1.369056,9163.84
2026-10-06,781,1762,2.536502,94470.76
2026-10-06,781,6614,0.975552,18.2
2026-10-06,931,1611,1.268381,16550530.66
2026-10-06,931,1612,1.291887,7843711.45
2026-10-06,931,1613,1.270655,69612.49
2026-10-06,1732,5860,1.0,0.0
2026-10-06,1732,5861,0.995444,23325845.23
2026-10-06,1732,5862,1.0,0.0
2026-10-06,1992,6658,1.0,0.0
2026-10-06,1992,6659,1.003765,12045684.28
2026-10-06,1992,6660,1.0,0.0
2026-10-06,1992,6661,1.0,0.0
2026-10-06,1812,6220,1.001921,5565637.9
2026-10-06,1812,6221,1.002123,11970973.28
2026-10-06,1812,6222,1.0,0.0
2026-10-06,1812,6464,1.0,0.0
2026-10-06,1545,4658,1.34124,53692063.49
2026-10-06,1545,4659,1.349191,12233215.45
2026-10-06,1545,4660,1.308827,14713.56
2026-10-06,1545,6622,1.0,0.0
2026-10-06,1545,6605,1.032206,147.15
2026-10-06,1603,5272,2.205874,3666921522.91
2026-10-06,1603,5273,2.254542,6313745576.39
2026-10-06,1603,5274,1.0,0.0
2026-10-06,777,1752,56.851174,298313024.34
2026-10-06,777,1753,57.978885,30490789.79
2026-10-06,777,1754,0.999168,0.0
2026-10-06,777,1755,1.0,0.0
2026-10-06,830,2348,106.613467,1250318.0
2026-10-06,830,2349,18.778999,79247130951.31
2026-10-06,830,2350,40.541974,24911890651.98
2026-10-06,830,2368,1.0,0.0
2026-10-06,695,1797,1.0,0.0
2026-10-06,695,1480,28.710055,71920821902.36
2026-10-06,1706,5712,1.0,0.0
2026-10-06,1706,5713,1.033605,60982734393.67
2026-10-06,1706,5714,1.0,0.0
2026-10-06,1448,4252,1.0,0.0
2026-10-06,1448,4253,1.182153,0.0
2026-10-06,1448,4254,2.518233,46158813541.65
2026-10-06,1525,4577,1.104529,3979667169.7
2026-10-06,1525,4578,1.109619,11044.95
2026-10-06,1525,4579,1.0,0.0
2026-10-06,1595,5245,1.384655,681886840.51
2026-10-06,1595,5246,1.384572,5564147005.49
2026-10-06,1595,5247,1.0,0.0
2026-10-06,1263,3510,1.0,0.0
2026-10-06,1263,3511,1.067751,0.0
2026-10-06,1263,3512,16.242314,39993739817.08
2026-10-06,1263,3513,1.0,0.0
2026-10-06,1299,3689,10.488966,0.0
2026-10-06,1299,3690,11.190472,76153874314.6
2026-10-06,1299,3691,1.084465,0.0
2026-10-06,1300,3693,17.434207,528041599.04
2026-10-06,1300,3694,18.887822,103623519333.13
2026-10-06,1300,3695,16.39595,14203615540.09
2026-10-06,1871,6468,1.0,0.0
2026-10-06,1871,6469,1.0,10000.0
2026-10-06,1871,6470,1.0,0.0
2026-10-06,1871,6471,1.0,0.0
2026-10-06,1223,3388,1.0,0.0
2026-10-06,1223,3389,18.286445,26237311210.46
2026-10-06,1223,3390,1.0,0.0
2026-10-06,1223,3391,1.0,0.0
2026-10-06,1369,3925,1.0,0.0
2026-10-06,1369,3926,3.868733,0.0
2026-10-06,1369,3927,6.013183,57787773832.76
2026-10-06,595,1205,6.351432,0.0
2026-10-06,595,1206,211.061295,13515451347.03
2026-10-06,621,1253,195.069617,17569432190.53
2026-10-06,621,1254,195.077046,25543058963.66
2026-10-06,621,1823,1.781395,0.0
2026-10-06,687,1448,1.014112,0.0
2026-10-06,687,1449,0.961756,0.0
2026-10-06,687,1450,0.873315,289956.67
2026-10-06,479,950,153.74895,3133889364.37
2026-10-06,479,951,169.225997,16945734506.49
2026-10-06,479,952,24.067303,0.0
2026-10-06,521,1052,8.943311,0.0
2026-10-06,521,1053,569.724671,11705053.41
2026-10-06,521,1054,75.751902,0.0
2026-10-06,728,1580,1.0,0.0
2026-10-06,728,1581,0.475111,1645556.12
2026-10-06,728,1582,0.976884,0.0
2026-10-06,453,867,36.617739,661833897.61
2026-10-06,453,868,54.946051,16031698269.02
2026-10-06,453,1554,2.124291,0.0
2026-10-06,1889,6526,1.0,0.0
2026-10-06,1889,6527,1.083841,5933146872.76
2026-10-06,1889,6528,1.0,0.0
2026-10-06,1889,6529,1.0,0.0
2026-10-06,1449,4257,4.338105,81815318.82
2026-10-06,1449,4258,4.452617,60303659.89
2026-10-06,1449,4259,1.0,0.0
2026-10-06,1189,3215,23.163719,230354806.51
2026-10-06,1189,3216,23.290083,36592241966.38
2026-10-06,1189,3217,1.0,0.0
2026-10-06,1189,3218,1.0,0.0
2026-10-06,1266,3520,6.57332,49868636.28
2026-10-06,1266,3521,0.592133,506567718.74
2026-10-06,1266,3522,1.0,0.0
2026-10-06,1266,3523,1.0,0.0
2026-10-06,1489,4441,1.165584,14940476.81
2026-10-06,1489,4442,1.165517,5395463.3
2026-10-06,1489,4443,1.0,0.0
2026-10-06,1224,3392,1.782343,13170820156.25
2026-10-06,1224,3393,12.001473,19524138700.46
2026-10-06,1224,3394,4.340304,0.0
2026-10-06,1224,3395,0.262091,0.0
2026-10-06,1227,3403,12.896097,2926969518.71
2026-10-06,1227,3404,11.929204,718194069.42
2026-10-06,1227,3405,9.761999,1417.66
2026-10-06,1227,3406,1.098579,0.0
2026-10-06,1227,3759,8.883707,7276088532.02
2026-10-06,1227,3654,1.040744,0.0
2026-10-06,1227,3655,1.039988,0.0
2026-10-06,35,35,55.275878,12673125483.68
2026-10-06,35,590,32.321019,17108017196.38
2026-10-06,35,591,31.017174,90012196.93
2026-10-06,35,1824,0.000388,0.0
2026-10-06,35,1825,0.016807,3172.38
2026-10-06,35,1826,0.000384,0.0
2026-10-06,35,3634,1.110031,0.0
2026-10-06,35,3635,14.841177,60790572.53
2026-10-06,35,5033,1.463017,1466676.57
2026-10-06,73,73,13.486557,99655120245.34
2026-10-06,73,699,11.947665,10000236672.4
2026-10-06,73,700,11.412324,95143914815.94
2026-10-06,73,3636,1.56115,5193630907.2
2026-10-06,73,3637,9.029003,223030852.02
2026-10-06,73,5034,1.893491,59980043.95
2026-10-06,1725,5806,1.010102,51763755.88
2026-10-06,1725,5808,1.007616,50979180.65
2026-10-06,1725,5810,1.009472,27650464.26
2026-10-06,1725,5812,1.0011,14209997.18
2026-10-06,1725,5814,1.0,0.0
2026-10-06,1725,5816,1.0,0.0
2026-10-06,1725,5817,1.0,0.0
2026-10-06,1725,5818,1.0,0.0
2026-10-06,1725,5819,1.007669,130077.06
2026-10-06,1226,3399,17.409888,1250656579.89
2026-10-06,1226,3400,3.082289,663118783.36
2026-10-06,1226,3401,3.248547,34.1
2026-10-06,1226,3402,1.176164,0.0
2026-10-06,1226,3758,11.093874,5018467814.89
2026-10-06,1226,3640,1.01299,0.0
2026-10-06,1226,3641,4.565503,873239.92
2026-10-06,1235,3422,1.873245,2276367.8
2026-10-06,1235,3423,1.539073,20319472.34
2026-10-06,1235,3424,1.468448,6517950.74
2026-10-06,1235,3425,1.061317,550727.37
2026-10-06,1235,3426,1.0,0.0
2026-10-06,1235,3427,1.0,0.0
2026-10-06,1235,3632,1.167162,7813.59
2026-10-06,1235,3633,1.68001,913547.01
2026-10-06,1235,5036,1.404779,1582048.12
2026-10-06,36,381,784.265632,18876354258.58
2026-10-06,36,594,453.672034,13717810700.98
2026-10-06,36,595,432.474912,4083183.08
2026-10-06,36,1844,0.166878,0.0
2026-10-06,36,1845,0.241095,13884.44
2026-10-06,36,1846,0.005751,0.0
2026-10-06,36,3642,1.352322,0.0
2026-10-06,36,3643,1.110441,0.0
2026-10-06,36,3309,0.000649,0.0
2026-10-06,224,850,40758.72786,6684019970.87
2026-10-06,224,851,32721.006137,21314554201.38
2026-10-06,224,1827,0.071723,0.0
2026-10-06,224,1828,16.949474,125015.07
2026-10-06,224,1829,0.071618,0.0
2026-10-06,224,3644,1.279432,0.0
2026-10-06,224,3645,13.657746,68080023.46
2026-10-06,344,569,104.785371,1901662793063.71
2026-10-06,344,571,87.374989,230053252921.86
2026-10-06,344,3646,1.709444,0.0
2026-10-06,344,3647,5.989776,48101823.69
2026-10-06,472,928,8171.947153,126478642577.02
2026-10-06,472,929,7495.405589,44658491503.15
2026-10-06,5,765,13926.650073,6630084720.66
2026-10-06,5,5,24176.639163,15490455195.11
2026-10-06,5,972,0.200179,0.0
2026-10-06,5,973,15.296657,7316.29
2026-10-06,5,1834,0.199861,0.0
2026-10-06,5,3648,1.237313,0.0
2026-10-06,5,3649,8.726706,26305702.18
2026-10-06,186,767,38020.086311,1338697523.45
2026-10-06,186,186,51659.32644,4749722284.62
2026-10-06,186,984,0.317254,0.0
2026-10-06,186,986,33.941659,0.07
2026-10-06,186,1847,0.315863,0.0
2026-10-06,186,3650,1.300071,0.0
2026-10-06,186,3651,6.1122,26142878.11
2026-10-06,185,768,26545.191373,3105318615.88
2026-10-06,185,185,36816.68491,7042455807.92
2026-10-06,185,987,0.304594,0.0
2026-10-06,185,988,22.552346,0.44
2026-10-06,185,1833,0.303395,0.0
2026-10-06,185,3652,1.144345,0.0
2026-10-06,185,3653,4.451733,6370559.66
2026-10-06,502,1013,514.951618,1638949380.29
2026-10-06,502,1014,363.209934,295805233.2
2026-10-06,502,1015,0.002115,0.0
2026-10-06,502,1838,0.002596,0.0
2026-10-06,502,1030,0.002115,0.0
2026-10-06,363,989,70413.799306,8455837396.34
2026-10-06,363,990,56723.31965,13795782602.7
2026-10-06,363,1830,0.490598,0.0
2026-10-06,363,1831,33.102893,6552.82
2026-10-06,363,1832,0.487707,0.0
2026-10-06,363,3307,0.000649,0.0
2026-10-06,1234,3416,2.437113,6180097.52
2026-10-06,1234,3417,2.167393,36519893.49
2026-10-06,1234,3418,2.190853,15487960.28
2026-10-06,1234,3419,0.96851,2877954.75
2026-10-06,1234,3420,1.022284,201243.01
2026-10-06,1234,3421,1.0,0.0
2026-10-06,1234,3638,1.12586,0.0
2026-10-06,1234,3639,3.385353,606386.21
2026-10-06,1234,5035,1.466008,6259291.17
2026-10-06,362,636,18490.416771,79167456381.48
2026-10-06,362,637,14336.699882,61553992512.39
2026-10-06,362,3658,3.091179,0.0
2026-10-06,362,3659,13.042862,31725576.2
2026-10-06,362,5037,2.043296,6059975.28
2026-10-06,74,763,7733.612767,23701382198.16
2026-10-06,74,74,7219.841299,3418217200.52
2026-10-06,74,1849,0.072681,0.0
2026-10-06,74,1850,4.306775,190.75
2026-10-06,74,1851,0.072684,0.0
2026-10-06,74,3660,3.236587,0.0
2026-10-06,74,3661,6.556405,12422305.26
2026-10-06,74,3310,0.000649,0.0
2026-10-06,144,759,11294.35424,0.0
2026-10-06,144,144,12967.795272,374593512.68
2026-10-06,144,1839,0.058185,0.0
2026-10-06,144,1840,0.076595,0.0
2026-10-06,144,1841,0.058083,0.0
2026-10-06,1724,5804,1.08311,9163328.19
2026-10-06,1724,5805,1.082145,47654931.07
2026-10-06,1724,5807,1.051407,9764291.41
2026-10-06,1724,5809,1.0,0.0
2026-10-06,1724,5811,1.0,0.0
2026-10-06,1724,5813,1.0,0.0
2026-10-06,1724,5815,1.062398,32179.49
2026-10-06,297,761,25.08576,41066531.1
2026-10-06,297,297,25.566242,117597266.65
2026-10-06,297,1573,24.388498,0.0
2026-10-06,297,3665,1.011728,5809713.12
2026-10-06,297,3666,0.99963,0.0
2026-10-06,297,5038,1.050317,10619401.15
2026-10-06,96,758,1215.4469,375816466.15
2026-10-06,96,96,1216.187901,5025800612.74
2026-10-06,296,760,19986.803098,33545028303.9
2026-10-06,296,296,19433.04329,25176882193.5
2026-10-06,296,5032,1.967603,406670463.69
2026-10-06,97,764,15767.928578,48481.65
2026-10-06,97,97,8897.722612,307929758.43
2026-10-06,97,3308,0.000649,0.0
2026-10-06,98,762,18451.951546,32498788323.19
2026-10-06,98,98,9496.20615,413321641.49
2026-10-06,474,934,335.734905,41161820894.38
2026-10-06,474,935,209.685183,43140930114.55
2026-10-06,474,936,1.0,0.0
2026-10-06,184,766,34698.650639,6678515587.21
2026-10-06,184,184,47447.940777,10583055913.96
2026-10-06,184,982,0.175764,0.0
2026-10-06,184,983,27.887388,624.83
2026-10-06,184,1848,0.174712,0.0
2026-10-06,184,3669,1.304072,0.0
2026-10-06,184,3670,24.655548,52895450.91
2026-10-06,1253,3478,14.45304,18289055700.51
2026-10-06,1253,3479,14.453047,21549682416.52
2026-10-06,1253,3480,14.926947,9783865510.44
2026-10-06,1363,3907,6.372392,2082750.77
2026-10-06,1363,3908,6.409981,1475888988.6
2026-10-06,1549,4710,1.043349,104056.9
2026-10-06,1549,4711,1.035377,7480387.19
2026-10-06,571,2026,1.463691,0.0
2026-10-06,571,1159,27.733221,94998452149.01
2026-10-06,571,2027,0.000534,0.0
2026-10-06,571,2028,0.000767,0.0
2026-10-06,1509,4509,1.0,0.0
2026-10-06,1509,4510,1.904689,18109439350.36
2026-10-06,518,2020,109.124829,177409995.69
2026-10-06,518,1047,169.044118,1192355889.21
2026-10-06,518,2021,0.002693,0.0
2026-10-06,518,2022,0.002389,0.0
2026-10-06,518,2171,0.000649,0.0
2026-10-06,518,2172,0.000649,0.0
2026-10-06,1874,6478,1.0,0.0
2026-10-06,1874,6480,1.078445,3469872840.87
2026-10-06,1912,6604,1.005166,1209085961.71
2026-10-06,1873,6476,1.0,0.0
2026-10-06,1873,6477,1.035482,2070963.5
2026-10-06,1845,6418,0.987691,32539.65
2026-10-06,1845,6367,0.989163,49427.93
2026-10-06,1421,4152,1.244703,15471486715.85
2026-10-06,1887,6523,1.0,0.0
2026-10-06,1887,6524,0.979611,952168.37
2026-10-06,1381,3967,1.0,0.0
2026-10-06,1381,3968,2.446426,76516227936.43
2026-10-06,1291,3613,1.0,0.0
2026-10-06,1291,3614,0.985732,0.0
2026-10-06,1291,3615,1.728836,6733578989.89
2026-10-06,1379,3963,1.109714,0.0
2026-10-06,1379,3964,0.997507,2301495.86
2026-10-06,1380,3965,1.0,0.0
2026-10-06,1380,3966,1.355297,35369757372.88
2026-10-06,882,2560,17.962305,579412675.38
2026-10-06,882,2561,19.715646,168761321419.47
2026-10-06,882,5562,1.316072,27244.75
2026-10-06,1631,5411,1.017462,31734.23
2026-10-06,1631,5410,1.017472,1936544.87
2026-10-06,583,2032,4.293198,0.0
2026-10-06,583,1181,189.509147,67490526972.31
2026-10-06,583,2033,0.001549,0.0
2026-10-06,583,2034,0.003117,0.0
2026-10-06,583,2179,0.000649,0.0
2026-10-06,583,2180,0.000649,0.0
2026-10-06,707,2035,58.688135,239412807.15
2026-10-06,707,1514,116.855135,11431559565.9
2026-10-06,707,2036,0.000866,0.0
2026-10-06,707,2037,0.000866,0.0
2026-10-06,736,1605,1.022867,0.0
2026-10-06,736,1606,1.12692,2974390.44
2026-10-06,736,2193,1.080762,0.0
2026-10-06,736,2194,1.12186,1403211.77
2026-10-06,736,2051,1694.500357,0.0
2026-10-06,736,2052,1696.144517,115363797.9
2026-10-06,737,1607,0.885327,0.0
2026-10-06,737,1608,1.750502,4818532.82
2026-10-06,737,2195,1.0,0.0
2026-10-06,737,2196,1.18702,0.0
2026-10-06,683,2038,2.48249,0.0
2026-10-06,683,1439,0.520108,90818167952.03
2026-10-06,683,2039,0.000862,0.0
2026-10-06,683,2040,0.000862,0.0
2026-10-06,530,2023,62.712244,0.0
2026-10-06,530,1069,211.517899,2510189.7
2026-10-06,530,2024,0.002595,0.0
2026-10-06,530,2025,0.003688,0.0
2026-10-06,530,2173,0.000649,0.0
2026-10-06,530,2174,0.000649,0.0
2026-10-06,1507,4505,1.0,0.0
2026-10-06,1507,4506,1.942823,138001339845.27
2026-10-06,679,2041,6.004706,0.0
2026-10-06,679,1425,40.591701,2941272328.04
2026-10-06,679,2042,0.000903,0.0
2026-10-06,679,2043,0.000936,0.0
2026-10-06,706,2044,3.997268,9643881.56
2026-10-06,823,1513,18.612624,12997243.07
2026-10-06,706,2045,0.000944,0.0
2026-10-06,706,2046,0.000889,0.0
2026-10-06,705,2047,3.004257,587110731.44
2026-10-06,705,1512,32.771872,50649681233.67
2026-10-06,705,2055,0.0009,0.0
2026-10-06,705,2056,0.001605,0.0
2026-10-06,879,2538,1.146762,291541.54
2026-10-06,879,2539,1.011277,1429309.97
2026-10-06,879,2542,1540.745397,0.0
2026-10-06,879,2543,1457.028996,0.0
2026-10-06,582,2029,3.04284,0.0
2026-10-06,582,1180,0.092184,1943948.94
2026-10-06,582,2030,2.34557,0.0
2026-10-06,582,2031,2.34557,0.0
2026-10-06,681,2048,1.3963,0.0
2026-10-06,681,1429,9.350908,5318339629.18
2026-10-06,681,2049,0.000906,0.0
2026-10-06,681,2050,0.000906,0.0
2026-10-06,681,2191,0.000649,0.0
2026-10-06,681,2192,0.001323,0.0
2026-10-06,880,2544,1.454793,0.0
2026-10-06,880,2545,0.860822,2567296461.74
2026-10-06,880,2548,1.0,0.0
2026-10-06,880,2549,1.0,0.0
2026-10-06,886,2576,15.950488,2011779.94
2026-10-06,1498,4473,2.238399,26520240028.2
2026-10-06,1498,4475,2.192982,5367715070.55
2026-10-06,1498,4476,1.0,0.0
2026-10-06,1785,6095,1.030879,1145046.06
2026-10-06,1785,6096,1.027706,1061481.58
2026-10-06,1785,6097,1.006191,15092.86
2026-10-06,34,34,20796.979179,1561974555.32
2026-10-06,437,823,747.989145,504029964.61
2026-10-06,513,1036,77.128942,327321213.49
2026-10-06,1618,5337,1.54102,1873434874.3
2026-10-06,1618,5338,1.619427,9042266573.0
2026-10-06,1618,5339,1.0,0.0
2026-10-06,1618,5342,1.0,0.0
2026-10-06,1618,5343,1.0,0.0
2026-10-06,1652,5499,1.243032,74692187.43
2026-10-06,1652,5500,1.405792,2929435909.65
2026-10-06,1652,5563,1.0,0.0
2026-10-06,1652,5503,1.0,0.0
2026-10-06,1652,5504,1.390891,111733620.61
2026-10-06,1399,4054,8.697436,11779157593.06
2026-10-06,1399,4055,8.887178,584891548.54
2026-10-06,1399,4911,1.287644,239730548.73
2026-10-06,1399,4912,1.0,0.0
2026-10-06,1228,3409,23.152565,19385318589.35
2026-10-06,1327,3786,1.0,0.0
2026-10-06,1327,3787,8.34985,5535619502.59
2026-10-06,1431,4192,2.693562,410766515.47
2026-10-06,1431,4193,3.064454,7513221200.83
2026-10-06,1432,4196,4.128326,7992964331.99
2026-10-06,1432,4197,4.122686,2905996237.19
2026-10-06,1433,4200,1.925781,9479356753.64
2026-10-06,1433,4201,2.703411,271765205.82
2026-10-06,1433,4974,1.34649,0.0
2026-10-06,1433,4975,1.0,0.0
2026-10-06,1523,4569,1.835838,863276979.99
2026-10-06,1523,4570,1.909851,6346623055.72
2026-10-06,1451,4282,1.0,0.0
2026-10-06,1451,4283,2.430942,15406925122.57
2026-10-06,1452,4286,1.525186,0.0
2026-10-06,1452,4287,2.14351,12096602349.31
2026-10-06,1453,4290,2.716499,3505569590.8
2026-10-06,1453,4291,2.716499,2974950948.85
2026-10-06,1453,4925,1.658586,0.0
2026-10-06,1453,4926,1.0,0.0
2026-10-06,1454,4294,2.116807,69096680.21
2026-10-06,1454,4295,2.279407,11017774866.41
2026-10-06,1454,4963,1.444683,0.0
2026-10-06,1454,4964,1.0,0.0
2026-10-06,1455,4298,1.999557,497434235.43
2026-10-06,1455,4299,1.984374,10290657743.11
2026-10-06,1456,4302,2.165338,2461703947.86
2026-10-06,1456,4303,2.189958,2695890284.97
2026-10-06,1456,4957,1.217316,0.0
2026-10-06,1456,4958,1.0,0.0
2026-10-06,1528,4587,1.561266,1628659895.12
2026-10-06,1528,4588,1.561432,1635980867.94
2026-10-06,1529,4591,1.0,0.0
2026-10-06,1529,4592,2.016477,38331823656.05
2026-10-06,1530,4595,1.320911,63254190.44
2026-10-06,1530,4597,1.489658,8728481132.84
2026-10-06,1532,4604,1.519948,10614736921.75
2026-10-06,1532,4605,1.065481,6684573.0
2026-10-06,1619,5347,1.103841,5970003111.02
2026-10-06,1619,5348,1.103843,12079073322.77
2026-10-06,1619,5349,1.0,0.0
2026-10-06,1622,5368,1.578287,6485830705.91
2026-10-06,1622,5369,1.578384,27475395878.42
2026-10-06,1622,5370,1.0,0.0
2026-10-06,1622,5373,1.238667,0.0
2026-10-06,1622,5374,1.552727,48842651.71
2026-10-06,1708,5739,1.064799,2725863840.96
2026-10-06,1708,5740,1.065601,6750573752.24
2026-10-06,1708,5741,1.0,0.0
2026-10-06,1709,5722,1.052631,445017192.48
2026-10-06,1709,5723,1.052178,1216448822.45
2026-10-06,1709,5725,1.0,0.0
2026-10-06,1400,4058,6.203073,198184101.35
2026-10-06,1400,4059,6.288769,5188579883.86
2026-10-06,1400,4921,1.320775,0.0
2026-10-06,1400,4922,1.0,0.0
2026-10-06,1429,4184,2.172579,173657682.45
2026-10-06,1429,4185,3.675975,1194674078.3
2026-10-06,1472,4353,1.01914,14755162.22
2026-10-06,1472,4356,1.0,0.0
2026-10-06,1472,4357,1.032148,0.0
2026-10-06,1472,5345,1.083109,0.0
2026-10-06,1472,5346,1.005719,0.0
2026-10-06,1623,5375,0.979232,2868520.12
2026-10-06,1623,5376,1.002937,460815.36
2026-10-06,1623,5377,0.998544,0.0
2026-10-06,1623,5382,1.007264,0.0
2026-10-06,1623,5383,1.0,0.0
2026-10-06,1710,5724,1.046118,3849473.95
2026-10-06,1710,5726,1.049206,554843.54
2026-10-06,1710,5728,1.0,0.0
2026-10-06,1712,5753,1.0,0.0
2026-10-06,1712,5755,1.0,0.0
2026-10-06,1712,5756,1.074559,1073302.82
2026-10-06,1536,4621,1.880317,981003024.92
2026-10-06,1536,4622,1.890685,3505394496.49
2026-10-06,1653,5505,1.0,0.0
2026-10-06,1653,5506,1.236947,0.0
2026-10-06,1653,5553,1.126656,10498673914.74
2026-10-06,1653,5509,1.0,0.0
2026-10-06,1653,5510,1.0,0.0
2026-10-06,1790,6117,1.0,0.0
2026-10-06,1790,6118,1.152065,14354963510.61
2026-10-06,1790,6119,1.0,0.0
2026-10-06,1792,6127,1.0,0.0
2026-10-06,1792,6128,1.110209,2325433674.15
2026-10-06,1792,6129,1.0,0.0
2026-10-06,1398,4050,7.130902,6050643392.83
2026-10-06,1398,4051,7.437855,25425747548.59
2026-10-06,1398,4923,2.069723,245694362.54
2026-10-06,1398,4924,2.090838,326381809.63
2026-10-06,1524,4573,1.765772,7644209483.38
2026-10-06,1524,4574,1.78128,10204584869.27
2026-10-06,1524,4914,1.655638,1611773269.68
2026-10-06,1524,4915,1.0,0.0
2026-10-06,1470,4341,2.106417,394642163.87
2026-10-06,1470,4342,2.388037,23068837713.53
2026-10-06,1470,4973,1.483776,0.0
2026-10-06,1470,4976,1.001572,0.0
2026-10-06,1537,4625,1.0,0.0
2026-10-06,1537,4626,1.79582,6735671798.86
2026-10-06,1328,3790,2.649693,1261079378.4
2026-10-06,1328,3791,8.666197,15758247955.02
2026-10-06,1759,5954,1.015428,7541353.02
2026-10-06,1759,5955,1.019941,13442858.56
2026-10-06,1759,5957,1.0,0.0
2026-10-06,1759,5961,1.0,0.0
2026-10-06,1759,5963,0.994457,15632.53
2026-10-06,1389,4000,11.395582,12845134229.39
2026-10-06,1389,4001,9.716669,1920888351.2
2026-10-06,1389,4907,1.752943,0.0
2026-10-06,1389,4908,1.601292,0.0
2026-10-06,1471,4346,1.435951,27626052.9
2026-10-06,1471,4347,1.477299,18868776.33
2026-10-06,1471,4350,1.0,0.0
2026-10-06,1471,4351,1.0,0.0
2026-10-06,1471,4909,1.216015,0.0
2026-10-06,1471,4910,1.185209,0.0
2026-10-06,1472,4352,1.125047,19247560.06
2026-10-06,669,1400,146.646839,30413587697.85
2026-10-06,669,1401,154.319006,4931121732.48
2026-10-06,669,2381,65.978337,19461030591.77
2026-10-06,669,2382,1.456975,0.0
2026-10-06,669,2157,74.942063,4188399736.84
2026-10-06,669,2158,1.0,0.0
2026-10-06,669,2170,1.0,0.0
2026-10-06,669,4848,1.621674,0.0
2026-10-06,787,2096,1.414223,441598116.05
2026-10-06,787,1783,1.594505,71607701.85
2026-10-06,787,1784,1.453932,21500178.62
2026-10-06,787,1785,1.0,0.0
2026-10-06,787,2325,1.565644,10085.14
2026-10-06,787,2326,1.003398,0.0
2026-10-06,787,2327,1.0,0.0
2026-10-06,787,3281,1.025021,0.0
2026-10-06,787,4836,1.139741,0.0
2026-10-06,569,1156,23.341504,3266831611.47
2026-10-06,569,1157,75.578618,43415686510.81
2026-10-06,569,2161,75.578719,12632517184.3
2026-10-06,569,2162,1.0,0.0
2026-10-06,569,2163,1.0,0.0
2026-10-06,551,1114,252.186145,448649490707.61
2026-10-06,551,1115,257.594547,119322069272.59
2026-10-06,551,1693,91.563688,102807640928.89
2026-10-06,551,1694,19.554407,112478739301.86
2026-10-06,551,2225,1.791981,0.0
2026-10-06,551,2226,1.0,0.0
2026-10-06,551,2227,1.0,0.0
2026-10-06,551,4849,2.086465,2588447.58
2026-10-06,1407,4101,1.172413,366789985.4
2026-10-06,1407,4102,1.172208,25847331.88
2026-10-06,1407,4103,1.016467,35549306.69
2026-10-06,1407,4104,1.0,0.0
2026-10-06,1407,4105,1.0,0.0
2026-10-06,1407,4837,1.111354,3919.0
2026-10-06,1541,4639,1.0,0.0
2026-10-06,1541,4640,1.0,0.0
2026-10-06,1541,4641,1.153933,7260032.73
2026-10-06,1541,4642,1.0,0.0
2026-10-06,1541,4643,1.0,0.0
2026-10-06,1541,4647,1.0,0.0
2026-10-06,1541,4838,1.0,0.0
2026-10-06,1582,5146,1.066768,56077072.23
2026-10-06,1582,5147,1.0959,2200876.4
2026-10-06,1582,5148,1.0,0.0
2026-10-06,1582,5149,1.0,0.0
2026-10-06,1582,5150,1.0,0.0
2026-10-06,1582,5151,1.0,0.0
2026-10-06,1582,5152,1.072713,0.0
2026-10-06,1615,5317,1.0,0.0
2026-10-06,1615,5318,1.0,0.0
2026-10-06,1615,5319,1.0,0.0
2026-10-06,1615,5320,1.0,0.0
2026-10-06,1615,5321,1.0,0.0
2026-10-06,1615,5322,1.060881,8447261.16
2026-10-06,1781,6076,1.0,0.0
2026-10-06,1781,6077,1.006033,0.0
2026-10-06,1781,6078,1.070004,27474801.72
2026-10-06,1781,6079,1.0,0.0
2026-10-06,1781,6080,1.070001,12999820.72
2026-10-06,1781,6081,1.0,0.0
2026-10-06,1810,6208,1.0,0.0
2026-10-06,1810,6209,1.0,0.0
2026-10-06,1810,6210,1.0,0.0
2026-10-06,1810,6211,0.98705,987.05
2026-10-06,1810,6212,1.0,0.0
2026-10-06,1810,6213,0.988518,25433392.4
2026-10-06,1213,3355,12.620141,245043138510.98
2026-10-06,1213,3356,12.96939,139215593293.65
2026-10-06,1213,3357,13.364817,123348332644.31
2026-10-06,1213,3358,13.200519,220630826710.71
2026-10-06,1213,3359,1.0,0.0
2026-10-06,1213,3360,1.0,0.0
2026-10-06,1213,6056,1.021598,12026817.84
2026-10-06,1213,4779,1.723048,41214.88
2026-10-06,499,1006,239.511124,50183856013.49
2026-10-06,499,1007,261.539657,45631372937.45
2026-10-06,499,2343,19.970495,34923475919.78
2026-10-06,499,2344,18.282681,37714769543.29
2026-10-06,499,2345,1.0,0.0
2026-10-06,499,2346,1.0,0.0
2026-10-06,499,2347,1.0,0.0
2026-10-06,499,4844,1.520722,0.0
2026-10-06,732,1593,1.438006,37706466.39
2026-10-06,732,1594,1.483666,9100585.66
2026-10-06,908,1595,1.0,0.0
2026-10-06,732,1596,1.0,0.0
2026-10-06,732,2164,1.364948,125268.21
2026-10-06,732,2165,0.935908,0.0
2026-10-06,732,2166,1.0,0.0
2026-10-06,732,4845,1.726751,476.89
2026-10-06,782,1763,1.066467,6998650.05
2026-10-06,782,1764,1.199401,9264938.55
2026-10-06,782,1765,1.0,0.0
2026-10-06,782,1766,1.0,0.0
2026-10-06,782,2319,1.254876,1598.78
2026-10-06,782,2320,1.0,0.0
2026-10-06,782,2321,1.0,0.0
2026-10-06,782,4847,1.0501,0.0
2026-10-06,1547,4664,1.36599,1447645507.76
2026-10-06,1547,4665,1.381851,17610688208.2
2026-10-06,1547,4666,1.0,0.0
2026-10-06,1547,4667,1.0,0.0
2026-10-06,1547,4668,1.0,0.0
2026-10-06,1547,4777,0.980048,0.0
2026-10-06,1668,5578,1.50116,100002023109.8
2026-10-06,1668,5579,1.386801,63793141469.45
2026-10-06,1668,5580,1.306111,16620463410.79
2026-10-06,1668,5581,1.363051,0.0
2026-10-06,1438,4220,2.388628,80584768.99
2026-10-06,1438,4222,2.425408,7549770.55
2026-10-06,1438,4223,1.0,0.0
2026-10-06,1438,4224,1.0,0.0
2026-10-06,1438,4225,1.0,0.0
2026-10-06,1438,4778,1.118659,0.0
2026-10-06,1371,3932,15.697879,24621222822.49
2026-10-06,1371,3933,4.601942,98904039.12
2026-10-06,1371,3934,10.58016,775485.07
2026-10-06,1371,3935,1.0,0.0
2026-10-06,1371,3936,1.0,0.0
2026-10-06,1371,3937,1.0,0.0
2026-10-06,657,1357,163.861565,3360891926.18
2026-10-06,657,1358,176.269171,84395277954.61
2026-10-06,657,1672,1.064327,0.0
2026-10-06,657,1673,1.0,0.0
2026-10-06,657,2167,1.0,0.0
2026-10-06,657,2168,1.0,0.0
2026-10-06,657,2169,1.0,0.0
2026-10-06,1233,3410,11.480451,921134889.84
2026-10-06,1233,3411,5.516254,841248523.73
2026-10-06,1233,3412,20.850941,6273197812.44
2026-10-06,1233,3413,4.156355,1096011957.5
2026-10-06,1233,3414,1.0,0.0
2026-10-06,1233,3415,1.0,0.0
2026-10-06,1233,4839,1.512037,0.0
2026-10-06,791,1818,124.73077,111934014272.72
2026-10-06,791,1819,46.754938,30538494495.11
2026-10-06,791,1820,132.620266,27597730705.19
2026-10-06,791,1821,37.571528,68840812059.16
2026-10-06,791,2228,1.0,0.0
2026-10-06,791,2229,1.0,0.0
2026-10-06,791,2230,1.0,0.0
2026-10-06,791,4840,1.501012,0.0
2026-10-06,1685,5618,1.146052,3679640434.85
2026-10-06,1685,5619,1.130332,3028206581.24
2026-10-06,1297,3671,2.160218,84621053211.72
2026-10-06,1297,3672,2.175361,24936071211.15
2026-10-06,1297,3673,2.187388,18655857881.98
2026-10-06,1297,3674,14.820696,32547297322.71
2026-10-06,1297,3675,1.0,0.0
2026-10-06,1297,3676,1.0,0.0
2026-10-06,1297,4842,1.911465,20727628.04
2026-10-06,850,2420,2.258045,19641107606.37
2026-10-06,850,2421,1.590229,1257543787.5
2026-10-06,850,2422,1.584854,8787536057.72
2026-10-06,850,2423,10.497926,0.0
2026-10-06,850,2424,1.0,0.0
2026-10-06,850,2425,1.208006,0.0
2026-10-06,850,5552,1.199301,0.0
2026-10-06,1538,4629,1.026494,163056173.4
2026-10-06,1538,4630,1.027425,85706543.65
2026-10-06,1538,4631,1.025305,232454156.44
2026-10-06,1538,4632,1.019097,2273445.93
2026-10-06,1538,4633,1.015884,6478070.09
2026-10-06,1538,4841,1.024579,0.0
2026-10-06,832,2356,42.811689,17243123852.93
2026-10-06,832,2357,43.448614,3018687016.41
2026-10-06,832,2358,45.293735,28014224.49
2026-10-06,832,2359,2.271466,0.0
2026-10-06,832,2360,1.0,0.0
2026-10-06,832,2361,1.0,0.0
2026-10-06,832,2362,1.0,0.0
2026-10-06,1296,3626,1.051717,11148195.03
2026-10-06,1296,3627,1.0,0.0
2026-10-06,1296,3628,1.0,0.0
2026-10-06,1296,3629,14.882144,4731322400.96
2026-10-06,1296,3630,1.0,0.0
2026-10-06,1296,3631,1.0,0.0
2026-10-06,1317,3749,10.240584,23070464785.92
2026-10-06,1317,3750,10.27193,4190342946.81
2026-10-06,1317,3751,9.965267,7979898955.86
2026-10-06,1317,3752,10.375188,1584482.81
2026-10-06,1317,3753,1.0,0.0
2026-10-06,1317,3754,1.0,0.0
2026-10-06,1317,4843,1.418647,0.0
2026-10-06,1390,4006,1.006352,0.0
2026-10-06,1390,4007,1.0,0.0
2026-10-06,1390,4008,1.0,0.0
2026-10-06,1390,4009,5.968704,14762919268.68
2026-10-06,1390,4010,1.0,0.0
2026-10-06,1382,3969,1.006008,0.0
2026-10-06,1382,3970,1.0,0.0
2026-10-06,1382,3971,1.0,0.0
2026-10-06,1382,3972,6.735126,109286533764.88
2026-10-06,1382,3973,1.0,0.0
2026-10-06,1382,3974,1.0,0.0
2026-10-06,1474,4360,1.066201,5516264514.11
2026-10-06,1474,4361,1.0,0.0
2026-10-06,1474,4362,1.104956,0.0
2026-10-06,1474,4363,1.351644,0.0
2026-10-06,1568,5071,1.0,200000.0
2026-10-06,1568,5072,1.0,0.0
2026-10-06,1568,5073,1.0,0.0
2026-10-06,1568,5074,1.62522,52264246429.34
2026-10-06,1568,5075,1.0,0.0
2026-10-06,666,1390,112.973771,1517035692.25
2026-10-06,666,1391,55.106546,477532300.47
2026-10-06,666,2315,8.321011,740946156.15
2026-10-06,666,2328,56.974482,22800412260.37
2026-10-06,666,2316,1.0,0.0
2026-10-06,666,2317,1.0,0.0
2026-10-06,666,2318,1.0,0.0
2026-10-06,1754,5929,0.998896,125772.34
2026-10-06,1754,5930,0.998687,123904.35
2026-10-06,1661,5547,1.123071,113318.44
2026-10-06,1661,5548,1.125774,268561.66
2026-10-06,498,1004,749.003347,18119659697.14
2026-10-06,498,1005,773.934578,6585697740.82
2026-10-06,498,1780,23.335893,0.0
2026-10-06,498,1781,1.0,0.0
2026-10-06,498,2322,0.617807,0.0
2026-10-06,498,2323,1.0,0.0
2026-10-06,498,2324,1.0,0.0
2026-10-06,498,4846,1.644067,0.0
2026-10-06,1515,4528,1.913339,3670053132.43
2026-10-06,1515,4529,1.11649,10656000.0
2026-10-06,1515,4530,1.002291,0.0
2026-10-06,1515,4531,0.978383,0.0
2026-10-06,1515,4533,1.0,0.0
2026-10-06,1515,4534,1.0,0.0
2026-10-06,1903,6577,1.0,0.0
2026-10-06,1903,6578,1.046014,1450424749.31
2026-10-06,1903,6579,1.0,0.0
2026-10-06,1903,6580,1.0,0.0
2026-10-06,1479,4376,2.078104,5634683409.46
2026-10-06,1479,4377,2.108838,62179120206.83
2026-10-06,1552,4787,1.017067,1318546.13
2026-10-06,1552,4788,1.022253,13274076.29
2026-10-06,1480,4378,1.90077,103698347.6
2026-10-06,1480,4379,1.99381,1177005695.55
2026-10-06,1480,4380,1.62485,1960956.56
2026-10-06,1937,6778,1.0,0.0
2026-10-06,1937,6779,1.004557,305790721.13
2026-10-06,1937,6780,1.0,300000000.0
2026-10-06,1937,6781,1.0,0.0
2026-10-06,1982,6628,0.997974,99866.26
2026-10-06,1982,6629,1.0,0.0
2026-10-06,1982,6631,1.0,0.0
2026-10-06,1770,6038,1.05131,19013323.4
2026-10-06,1770,6039,1.05131,9716514.49
2026-10-06,1770,6040,1.061071,6006470.51
2026-10-06,1770,6041,1.024218,1024218.33
2026-10-06,1692,5644,1.021214,0.0
2026-10-06,1692,5645,1.264757,7426298.05
2026-10-06,1692,5646,1.0,0.0
2026-10-06,1692,5647,1.0,0.0
2026-10-06,1970,6569,1.0,0.0
2026-10-06,1970,6570,0.999476,500754102.62
2026-10-06,1970,6571,1.0,0.0
2026-10-06,1641,5451,1.0,0.0
2026-10-06,1641,5452,1.0,0.0
2026-10-06,1641,5453,1.0,0.0
2026-10-06,1641,5454,1.0,0.0
2026-10-06,1641,5455,1.624517,3957194250.53
2026-10-06,1773,6047,1.089037,16623150.62
2026-10-06,1773,6048,1.264089,19136791424.44
2026-10-06,1773,6116,1.188007,3089266060.86
2026-10-06,1705,5677,1.011988,1466983180.27
2026-10-06,1705,5678,1.009798,411105350.49
2026-10-06,1705,5679,1.0,0.0
2026-10-06,1705,5680,1.0,0.0
2026-10-06,1427,4172,1.0,0.0
2026-10-06,1427,4173,4.03189,19850116535.32
2026-10-06,1427,4174,2.185662,4506422872.74
2026-10-06,1824,6266,1.014875,1587927.83
2026-10-06,1824,6267,1.011587,9765508.43
2026-10-06,1824,6268,1.006555,1025977.92
2026-10-06,1738,5872,1.0,0.0
2026-10-06,1738,5873,1.488086,25718337836.72
2026-10-06,1481,4389,2.430766,2533989380.1
2026-10-06,1481,4390,2.254542,0.0
2026-10-06,1481,4391,1.0,0.0
2026-10-06,1481,4392,1.407553,4624795477.85
2026-10-06,1856,6419,1.125555,819726988.26
2026-10-06,1856,6420,1.125555,247242649.42
2026-10-06,1856,6421,1.0,0.0
2026-10-06,1856,6422,1.0,0.0
2026-10-06,1768,6028,1.094558,0.0
2026-10-06,1768,6029,1.0,0.0
2026-10-06,1768,6031,1.243905,25618589070.83
2026-10-06,1768,6032,1.0,0.0
2026-10-06,1793,6132,1.0,0.0
2026-10-06,1793,6133,1.176762,18611568336.82
2026-10-06,1793,6134,1.0,0.0
2026-10-06,1793,6135,1.0,0.0
2026-10-06,1811,6214,1.19938,4400759454.39
2026-10-06,1811,6215,1.0,0.0
2026-10-06,1811,6216,1.199659,1503108620.53
2026-10-06,1811,6217,1.0,0.0
2026-10-06,1822,6259,1.096847,8079548120.64
2026-10-06,1822,6260,1.142573,747652955.05
2026-10-06,1822,6261,1.069724,2718349662.92
2026-10-06,1822,6262,0.999254,0.0
2026-10-06,1876,6486,1.054606,0.0
2026-10-06,1876,6488,1.0,0.0
2026-10-06,1876,6489,1.071349,8442434733.82
2026-10-06,1876,6490,1.0,0.0
2026-10-06,1877,6491,1.0,0.0
2026-10-06,1877,6492,1.070348,3346706778.52
2026-10-06,1877,6493,1.018087,0.0
2026-10-06,1877,6494,1.0,0.0
2026-10-06,1535,4618,1.059391,2364823.39
2026-10-06,1535,4619,1.207184,24465899.15
2026-10-06,1535,4620,1.0,0.0
2026-10-06,1617,5324,1.201226,132174423.25
2026-10-06,1617,5325,1.269849,2568091871.73
2026-10-06,1617,5326,1.0,0.0
2026-10-06,1617,5327,1.111178,413802569.56
2026-10-06,1534,4612,1.343416,3137461933.54
2026-10-06,1534,4613,1.348688,3277773114.2
2026-10-06,1534,6373,1.0,0.0
2026-10-06,1534,5427,1.272402,903184926.73
2026-10-06,1534,5428,1.0,0.0
2026-10-06,1,6572,1.04839,53127878.38
2026-10-06,1,1,239.095615,4460296579.62
2026-10-06,1914,6611,1.0184,64833706.41
2026-10-06,1914,6612,1.018678,8953623841.63
2026-10-06,1962,6575,1.0,0.0
2026-10-06,1962,6576,1.0,0.0
2026-10-06,1962,6796,1.0,100000.0
2026-10-06,1901,6573,1.038842,631048265.79
2026-10-06,1901,6574,1.048001,21499371852.31
2026-10-06,1913,6607,1.044165,166353786.57
2026-10-06,1913,6609,1.047302,6261611726.05
2026-10-06,1236,3428,21.44503,4838531281.68
2026-10-06,1236,3429,21.821073,8045907986.03
2026-10-06,1236,4919,1.093061,0.0
2026-10-06,1503,4497,2.100479,963497353.42
2026-10-06,1503,4498,2.134561,9800235232.25
2026-10-06,1503,4920,1.461974,0.0
2026-10-06,1239,3442,10.314116,2850813532.81
2026-10-06,1239,3443,10.85114,78341034763.8
2026-10-06,1741,5881,1.117831,2236732.79
2026-10-06,1741,5882,1.164494,14749589704.64
2026-10-06,847,2408,90.888844,10866736284.9
2026-10-06,847,2409,91.827922,2547155827.65
2026-10-06,1800,6166,1.043684,0.0
2026-10-06,1800,6167,1.042564,31656392282.9
2026-10-06,1810,6702,1.0,0.0
2026-10-06,1810,6703,0.994611,4973254098.58
2026-10-06,1592,5222,1.07256,11819914.55
2026-10-06,1592,5223,1.072559,2410559.68
2026-10-06,1632,5414,1.0,0.0
2026-10-06,1632,5415,1.41209,216960865594.61
2026-10-06,1750,5918,1.0,0.0
2026-10-06,1750,5922,1.207214,190988574049.09
2026-10-06,1904,6581,1.001728,724409.77
2026-10-06,1904,6582,1.001728,9346779.39
2026-10-06,848,2410,1.0,0.0
2026-10-06,848,2411,28.117924,66334143292.54
2026-10-06,1752,5926,1.01764,52667647.41
2026-10-06,1753,5927,1.0,0.0
2026-10-06,1753,5928,1.19479,123822080985.25
2026-10-06,581,1178,85.587853,8125491538.85
2026-10-06,581,1179,87.226033,16461857999.15
2026-10-06,626,1262,4.764725,193882576.37
2026-10-06,626,1263,97.256614,2128294157.53
2026-10-06,627,1264,3.616025,338923470.76
2026-10-06,627,1265,48.928117,4518497637.03
2026-10-06,1465,4332,2.622096,23945935731.1
2026-10-06,1465,4333,2.616121,60889915532.36
2026-10-06,1630,5406,1.10707,7732392.16
2026-10-06,1630,5407,1.108994,15492684.34
2026-10-06,1630,5408,1.0,0.0
2026-10-06,580,1176,208.313804,862318286.38
2026-10-06,580,1177,139.289295,1516682968.88
2026-10-06,1597,5250,1.72707,2632242617.92
2026-10-06,1219,3374,17.326753,53926168355.31
2026-10-06,1219,3375,17.744124,28468288748.97
2026-10-06,1219,3376,17.856622,44950008074.75
2026-10-06,1219,5052,1.117383,0.0
2026-10-06,1260,3497,24.110083,12555816302.68
2026-10-06,1260,3498,24.833547,19215100388.65
2026-10-06,1260,3499,5.054038,982649203.5
2026-10-06,1260,3500,3.113556,0.0
2026-10-06,1308,3717,13.140092,3397161607.1
2026-10-06,1308,3718,13.452432,13687347564.36
2026-10-06,1257,3489,17.203206,9180005093.5
2026-10-06,1257,3491,6.918373,7468384778.65
2026-10-06,1209,3345,12.998225,65985505656.62
2026-10-06,1209,3346,13.593339,72253613638.06
2026-10-06,1209,3347,13.673256,82710560496.86
2026-10-06,1336,3820,7.398449,20153731082.72
2026-10-06,1336,3821,7.704727,124200904328.85
2026-10-06,1336,3822,1.105048,485801151.34
2026-10-06,1336,3823,7.78725,39242339222.11
2026-10-06,1643,5466,1.019506,6545519.0
2026-10-06,1643,5467,1.019504,5074085.83
2026-10-06,1526,4581,1.197862,17283548.9
2026-10-06,1526,4582,1.203001,2876122.76
2026-10-06,1526,5048,1.134386,102212.41
2026-10-06,1526,5049,1.142977,48091.63
2026-10-06,1426,4165,4.756736,2149570.47
2026-10-06,1426,4167,4.803849,46119407797.4
2026-10-06,1544,4654,2.085001,5002732510.59
2026-10-06,1544,4655,2.107445,13717285884.67
2026-10-06,1544,4657,1.137806,0.0
2026-10-06,1872,6472,1.056455,612067371.85
2026-10-06,1872,6473,1.058491,3773872160.23
2026-10-06,1872,6474,1.001093,100109330.79
2026-10-06,1872,6475,1.0,0.0
2026-10-06,1492,4449,2.20565,1767624108.93
2026-10-06,1492,4450,2.272,794790105.48
2026-10-06,1805,6185,1.054258,5674249063.98
2026-10-06,1805,6187,1.059003,2631377712.38
2026-10-06,1805,6190,1.0,0.0
2026-10-06,1805,6192,1.0,0.0
2026-10-06,1805,6194,1.0,0.0
2026-10-06,1805,6196,1.0,0.0
2026-10-06,1807,6198,1.185551,3250984505.19
2026-10-06,1807,6200,1.190877,5238403782.74
2026-10-06,1807,6202,1.004606,1005299147.26
2026-10-06,1808,6197,1.024704,3133247663.55
2026-10-06,1808,6199,1.053664,418561008.97
2026-10-06,1808,6201,1.0,0.0
2026-10-06,1806,6186,1.0,0.0
2026-10-06,1806,6188,1.05291,0.0
2026-10-06,1806,6189,1.015745,27706069788.34
2026-10-06,1806,6191,1.0,0.0
2026-10-06,1806,6193,1.0,0.0
2026-10-06,1806,6195,1.0,0.0
2026-10-06,1220,3377,12.329117,4106544816.71
2026-10-06,1220,3378,12.415195,18015865757.05
2026-10-06,1220,3379,10.826414,48046625246.94
2026-10-06,1220,3380,1.020385,0.0
2026-10-06,1220,3381,13.09038,14953839436.11
2026-10-06,1220,4863,1.711173,5192.68
2026-10-06,1983,6664,1.0,0.0
2026-10-06,1983,6665,1.022161,102217086.82
2026-10-06,1983,6666,1.0,0.0
2026-10-06,827,2329,37.674658,39060335213.05
2026-10-06,827,2330,40.646718,82797959458.56
2026-10-06,827,2331,1.022907,0.0
2026-10-06,827,2332,1.0,0.0
2026-10-06,827,2333,1.0,0.0
2026-10-06,827,2334,1.0,0.0
2026-10-06,827,4864,1.320512,0.0
2026-10-06,1892,6534,1.0,0.0
2026-10-06,1892,6535,1.067956,6337213466.78
2026-10-06,1892,6536,1.0,0.0
2026-10-06,1600,5263,1.026049,18605717.38
2026-10-06,1600,5264,1.026704,40653505.71
2026-10-06,1600,5265,1.025867,13925.25
2026-10-06,1517,4538,1.199045,13487761.26
2026-10-06,1517,4539,1.195756,4299748.51
2026-10-06,1517,4865,1.118126,2.22
2026-10-06,1717,5772,1.1523,33331183.38
2026-10-06,1717,5773,1.1523,15403222.7
2026-10-06,1717,5774,1.112,0.0
2026-10-06,1546,4662,1.0,0.0
2026-10-06,1546,4663,2.036614,12600372621.53
2026-10-06,1546,4866,1.0,0.0
2026-10-06,1548,4699,1.0,0.0
2026-10-06,1548,4700,1.4869,4971780374.45
2026-10-06,1548,4867,1.0,0.0
2026-10-06,1569,5076,1.09509,0.0
2026-10-06,1569,5077,1.907643,7546468177.72
2026-10-06,1569,5078,1.0,0.0
2026-10-06,1583,5155,1.08407,0.0
2026-10-06,1583,5156,1.810684,1645.68
2026-10-06,1583,5157,1.0,0.0
2026-10-06,1191,3224,23.53407,3723946970.29
2026-10-06,1191,3225,111.572142,8782572241.07
2026-10-06,1191,3226,1.0,0.0
2026-10-06,1191,3227,1.0,0.0
2026-10-06,1191,3228,0.000631,0.0
2026-10-06,1191,3229,1.0,0.0
2026-10-06,1191,4869,1.435666,0.0
2026-10-06,1331,3800,25.434,94301588743.4
2026-10-06,1331,4870,1.0,0.0
2026-10-06,1332,3803,1.128687,0.0
2026-10-06,1332,3804,5.262088,368072011.87
2026-10-06,1332,4871,1.0,0.0
2026-10-06,1333,3806,1.718285,2346775821.29
2026-10-06,1333,3807,5.013388,2249.27
2026-10-06,1333,4872,1.0,0.0
2026-10-06,1334,3809,2.541542,6934022086.65
2026-10-06,1334,3810,9.376411,33239808964.35
2026-10-06,1334,4873,1.860133,8370064.53
2026-10-06,1225,3396,9.906474,20852461.65
2026-10-06,1225,3397,13.518896,24217022580.94
2026-10-06,1225,3398,1.0,0.0
2026-10-06,1225,4868,1.0,0.0
2026-10-06,891,2598,12.632213,561793064.81
2026-10-06,891,2599,95.289612,16952545002.6
2026-10-06,891,2600,1.0,0.0
2026-10-06,891,2601,0.008768,0.0
2026-10-06,891,2602,0.001128,0.0
2026-10-06,891,2603,1.0,0.0
2026-10-06,891,4874,1.0,0.0
2026-10-06,892,2604,1.11985,6986036.9
2026-10-06,892,2605,1.114326,3350852.67
2026-10-06,892,2606,1.085325,0.87
2026-10-06,892,4875,1.076496,0.0
2026-10-06,1434,4204,0.87017,259466.75
2026-10-06,1434,4205,0.884087,700202.13
2026-10-06,1434,4876,1.039639,84.21
2026-10-06,828,2335,116.190145,107822886329.61
2026-10-06,828,2336,50.704293,9145515882.47
2026-10-06,828,2337,1.257252,0.0
2026-10-06,828,2338,0.009506,0.0
2026-10-06,828,2339,0.007361,0.0
2026-10-06,828,2340,1.0,0.0
2026-10-06,828,4877,2.204906,5130677.19
2026-10-06,1755,5934,1.0,0.0
2026-10-06,1755,5935,1.08308,1083.08
2026-10-06,1755,5936,1.0,0.0
2026-10-06,1756,5938,1.318916,12807231684.06
2026-10-06,1756,5939,1.318948,4569138707.49
2026-10-06,1756,5940,1.0,0.0
2026-10-06,1941,6646,1.0,0.0
2026-10-06,1941,6647,1.0,1000.0
2026-10-06,1941,6648,1.0,0.0
2026-10-06,890,2592,50.141824,3416367767.62
2026-10-06,890,2593,22.716981,1504968699.54
2026-10-06,890,2594,1.0,0.0
2026-10-06,890,2595,0.030649,0.0
2026-10-06,890,2596,0.002919,0.0
2026-10-06,890,2597,1.0,0.0
2026-10-06,890,4878,1.401337,0.0
2026-10-06,838,2383,73.965957,1311093954.76
2026-10-06,838,2384,78.95342,935271760.34
2026-10-06,838,2385,91.466904,4194798443.75
2026-10-06,838,2386,32.918964,451145048.27
2026-10-06,838,4937,1.593205,50190643.47
2026-10-06,1721,5786,1.069441,1500921.18
2026-10-06,1721,5787,1.065254,291051.65
2026-10-06,1721,5846,1.042874,3008031.23
2026-10-06,1721,5847,1.059496,1883789.31
2026-10-06,1634,5422,1.564822,2903678826.53
2026-10-06,1634,5423,1.579707,1205393550.11
2026-10-06,653,1344,38.46047,421551947.3
2026-10-06,653,1345,53.936605,993993436.53
2026-10-06,653,4938,1.364876,0.0
2026-10-06,330,370,469.356157,3355680794.18
2026-10-06,330,714,538.142108,6501738728.08
2026-10-06,330,4939,1.956812,1732760.43
2026-10-06,723,1566,0.078082,17327990.25
2026-10-06,723,1567,0.083182,14400637.47
2026-10-06,723,1568,1.020868,2470864.31
2026-10-06,723,6236,1.002857,292229.04
2026-10-06,723,6237,0.99391,323974.34
2026-10-06,723,6238,1.0,0.0
2026-10-06,723,4940,1.134842,1200817.88
2026-10-06,1657,5525,1.425448,4728497046.98
2026-10-06,1657,5526,1.446841,110789968.53
2026-10-06,1657,5527,1.0,0.0
2026-10-06,1657,5528,1.0,0.0
2026-10-06,1469,4337,2.411884,3747540577.18
2026-10-06,1469,4338,2.445104,46150717881.94
2026-10-06,1469,4339,2.039748,42682113715.82
2026-10-06,1469,5030,1.597977,247430.44
2026-10-06,1491,4447,1.091791,272175962.89
2026-10-06,1491,4448,1.084185,31654179.05
2026-10-06,1491,5031,1.054793,63540.16
2026-10-06,1727,6632,1.021745,10311368.59
2026-10-06,1727,6633,1.031202,7014769384.29
2026-10-06,1727,6634,1.01765,0.0
2026-10-06,1864,6441,1.000508,0.0
2026-10-06,1864,6442,1.002364,8373859.63
2026-10-06,1864,6443,1.002364,53822215.47
2026-10-06,1635,5424,1.060053,271753434.7
2026-10-06,1635,5425,1.069688,16320480.39
2026-10-06,1635,5426,1.056363,3809.92
2026-10-06,1664,5559,1.113754,1963894736.21
2026-10-06,1664,5560,1.28491,114690849.6
2026-10-06,1664,5561,1.0,0.0
2026-10-06,1651,5496,1.47946,550667242934.53
2026-10-06,1651,5497,1.506645,14665396650.64
2026-10-06,1651,5498,1.129462,20079565.29
2026-10-06,1734,6626,1.019663,0.0
2026-10-06,1734,6627,1.0,0.0
2026-10-06,1734,6630,1.01967,0.0
2026-10-06,876,2517,11.902925,304978046716.4
2026-10-06,876,2518,11.959266,43033181902.91
2026-10-06,876,2519,1.0,0.0
2026-10-06,876,2520,0.071112,0.0
2026-10-06,1737,5870,0.995444,465444.19
2026-10-06,1737,5871,0.99617,996.17
2026-10-06,740,1198,15.007951,113033.33
2026-10-06,740,1199,15.805664,0.0
2026-10-06,740,1952,0.728674,0.0
2026-10-06,740,1953,0.725666,0.0
2026-10-06,713,1534,0.790033,0.0
2026-10-06,713,1535,0.749924,0.0
2026-10-06,713,1536,0.761007,0.0
2026-10-06,713,1537,1.04471,0.0
2026-10-06,803,2088,1.253727,1165593.87
2026-10-06,803,2089,1.274642,521153.72
2026-10-06,803,2090,0.99248,0.0
2026-10-06,803,2091,1.216638,372913.8
2026-10-06,428,795,100.123047,4234480868.98
2026-10-06,428,796,114.354214,35216053813.21
2026-10-06,428,798,141.507908,0.0
2026-10-06,428,1874,0.078017,0.0
2026-10-06,428,1875,0.082585,0.0
2026-10-06,428,1876,0.089462,0.0
2026-10-06,428,4745,1.863347,0.0
2026-10-06,428,4746,1.87557,0.0
2026-10-06,808,2109,1.121099,3639592.41
2026-10-06,808,2110,1.233589,3287795.6
2026-10-06,808,2111,1.352416,0.0
2026-10-06,808,2112,1805.69213,93852016.03
2026-10-06,808,2113,1970.175852,37293311.57
2026-10-06,808,2114,1610.659038,16.11
2026-10-06,808,4743,1.563867,1089018.85
2026-10-06,808,4744,1.205987,0.0
2026-10-06,377,671,196.641706,144139.55
2026-10-06,377,672,217.802987,16809897996.33
2026-10-06,377,673,227.074799,30521155951.32
2026-10-06,377,1880,0.136635,0.0
2026-10-06,377,1881,0.012417,0.0
2026-10-06,377,1882,0.158615,0.0
2026-10-06,807,2103,0.499705,20055099.96
2026-10-06,807,2104,0.546526,39198978.06
2026-10-06,807,2105,0.623305,0.0
2026-10-06,807,2106,807.081916,4109677.04
2026-10-06,807,2107,902.956395,0.0
2026-10-06,807,2108,1003.931831,0.0
2026-10-06,807,4747,1.102431,4130603.39
2026-10-06,807,4748,1.104953,705518.58
2026-10-06,318,341,9940.999288,6371935529.79
2026-10-06,318,342,13317.209698,13124659308.83
2026-10-06,318,343,15518.409218,55282923290.17
2026-10-06,318,1883,6.161317,44105.67
2026-10-06,318,1884,9.664342,0.0
2026-10-06,318,1885,9.634822,11130225.66
2026-10-06,318,4751,1.531236,178492810.56
2026-10-06,318,4752,1.674472,0.0
2026-10-06,425,788,723.263959,315595157.99
2026-10-06,425,789,909.913401,7266709334.81
2026-10-06,425,790,1220.182067,0.0
2026-10-06,425,1871,0.560284,0.0
2026-10-06,425,1872,0.660281,0.0
2026-10-06,425,1873,0.757567,0.0
2026-10-06,425,4749,1.802546,0.0
2026-10-06,317,338,482.464683,2428123281.52
2026-10-06,317,339,574.485571,24383530750.84
2026-10-06,317,340,556.673777,10595.84
2026-10-06,317,1865,0.299542,1828.52
2026-10-06,317,1866,0.015522,0.0
2026-10-06,317,1867,0.41504,0.0
2026-10-06,274,336,2.675728,11984396.52
2026-10-06,274,274,3.173357,58988499.57
2026-10-06,274,337,3.286215,21249863.52
2026-10-06,274,1859,4309.683875,4582700255.28
2026-10-06,274,1860,5111.19291,6978774045.39
2026-10-06,274,1861,5293.057254,42128915951.66
2026-10-06,274,4737,1.037231,9957462.06
2026-10-06,274,4738,1.051576,2009528.72
2026-10-06,432,811,1397.04127,0.0
2026-10-06,432,812,1444.698275,95901805899.79
2026-10-06,432,813,1638.022897,0.0
2026-10-06,432,1896,0.867372,0.0
2026-10-06,432,1897,0.896961,7551695.54
2026-10-06,432,1899,1.017618,0.0
2026-10-06,429,799,286.365537,1377461469.29
2026-10-06,429,800,339.145453,46664432336.55
2026-10-06,429,801,353.874324,1456696896.57
2026-10-06,429,1877,0.177754,4208.78
2026-10-06,429,1878,0.244636,0.0
2026-10-06,429,1879,0.247375,0.0
2026-10-06,429,4739,1.576191,0.0
2026-10-06,429,4740,1.54588,0.0
2026-10-06,664,1383,139.399742,194050773.44
2026-10-06,664,1384,154.332598,26340852284.3
2026-10-06,664,1385,164.441788,9706362.37
2026-10-06,664,1900,0.110083,0.0
2026-10-06,664,1901,0.112129,0.0
2026-10-06,664,1902,0.114874,0.0
2026-10-06,664,4742,1.829514,0.0
2026-10-06,1612,5306,1.672983,0.0
2026-10-06,1612,5307,1.632403,5512911198.94
2026-10-06,1612,5308,1.672983,0.0
2026-10-06,481,955,131.972766,0.0
2026-10-06,481,956,128.42093,50715856972.97
2026-10-06,481,1815,134.247085,0.0
2026-10-06,481,1889,0.081937,0.0
2026-10-06,481,1890,0.078446,1145061.08
2026-10-06,481,1892,0.083349,0.0
2026-10-06,426,791,0.619,26305843.05
2026-10-06,426,792,0.71345,24424764.25
2026-10-06,426,1814,0.888373,0.0
2026-10-06,426,1868,0.568298,20024.04
2026-10-06,426,1869,0.669766,47056.62
2026-10-06,426,1870,0.888373,0.0
2026-10-06,426,5720,1.053874,32406.39
2026-10-06,1656,5520,1.00014,118830.31
2026-10-06,1656,5521,0.981928,1778613.81
2026-10-06,1656,5522,1.002079,0.0
2026-10-06,1673,5603,0.993246,5060561.81
2026-10-06,1673,5604,0.999033,1227715.73
2026-10-06,1673,5605,1.018754,0.0
2026-10-06,1673,5820,0.993249,106824.02
2026-10-06,1629,5403,1.930656,8666022662.87
2026-10-06,1629,5404,1.966644,45891477894.14
2026-10-06,1629,5405,2.019741,0.0
2026-10-06,1629,5412,1.974646,168809052.93
2026-10-06,1629,5413,2.135866,0.0
2026-10-06,1674,5606,1.382105,1499286101.3
2026-10-06,1674,5607,1.389553,3439730077.41
2026-10-06,1674,5608,1.425671,0.0
2026-10-06,1674,5609,1.390048,3481.16
2026-10-06,1674,5610,1.397508,0.0
2026-10-06,1684,5613,1.444174,0.0
2026-10-06,1684,5614,1.415185,12801955228.47
2026-10-06,1684,5615,1.444174,0.0
2026-10-06,1684,5616,1.444174,0.0
2026-10-06,1684,5617,1.444174,0.0
2026-10-06,1734,5864,1.075591,0.0
2026-10-06,1734,5865,1.069362,31769428498.76
2026-10-06,1734,5866,1.075591,0.0
2026-10-06,1734,5867,1.075591,0.0
2026-10-06,1734,5868,1.075591,0.0
2026-10-06,1740,5876,1.129598,114252771874.19
2026-10-06,1740,5877,1.144805,108665710.98
2026-10-06,1740,5878,1.151379,86497799044.53
2026-10-06,1740,5879,1.162619,0.0
2026-10-06,1740,5880,1.162619,0.0
2026-10-06,1875,6482,1.055188,2456336411.08
2026-10-06,1875,6481,1.061281,0.0
2026-10-06,1875,6483,1.061281,0.0
2026-10-06,480,953,52.121232,0.0
2026-10-06,480,954,50.515342,1640528389.32
2026-10-06,480,1816,53.195968,0.0
2026-10-06,480,1886,0.03236,0.0
2026-10-06,480,1887,0.032207,0.0
2026-10-06,480,1888,0.03236,0.0
2026-10-06,1203,3311,11.694435,0.0
2026-10-06,1203,3312,9.721057,36507935664.16
2026-10-06,1203,3313,11.694435,0.0
2026-10-06,1671,5595,1.477339,8428480026.84
2026-10-06,1671,5596,1.450726,14849626251.61
2026-10-06,1671,5597,2.355284,681886073.1
2026-10-06,1671,5598,1.472776,38694078.72
2026-10-06,1831,6293,1.0,0.0
2026-10-06,1831,6294,1.0,0.0
2026-10-06,1831,6295,2.291139,283181.53
2026-10-06,1831,6296,1.022454,4312321.51
2026-10-06,1831,6297,1.0,0.0
2026-10-06,1672,5599,1.300364,1616264373.37
2026-10-06,1672,5600,1.404647,1507577395.92
2026-10-06,1672,5601,1.394296,882654067.99
2026-10-06,1672,5602,1.038621,0.0
2026-10-06,1973,6585,1.01342,61706.41
2026-10-06,1973,6587,1.013379,1285683968.01
2026-10-06,1665,5566,1.358163,5037108233.31
2026-10-06,1665,5567,1.359864,9525871702.02
2026-10-06,1665,5568,1.378154,202677577.54
2026-10-06,1665,5569,1.354055,6734103.66
2026-10-06,1670,5591,1.063246,18362817.47
2026-10-06,1670,5592,1.083155,8162287.6
2026-10-06,1670,5593,1.078519,872918.73
2026-10-06,1423,4157,5.257977,5050791248.51
2026-10-06,1423,4158,5.30491,2409256363.84
2026-10-06,1423,4159,5.837954,956975867.8
2026-10-06,1423,4160,6.056634,977631928.54
2026-10-06,553,1117,96.545938,1623919.07
2026-10-06,553,1118,95.629345,88144016347.09
2026-10-06,685,1792,24.484003,0.0
2026-10-06,216,1208,15112.902159,5964061626.64
2026-10-06,216,216,17141.078101,31896521015.32
2026-10-06,216,1634,17744.642552,37225806313.75
2026-10-06,216,5044,1.726438,0.0
2026-10-06,493,993,214.009806,4589600050.96
2026-10-06,493,994,252.269499,45348263981.4
2026-10-06,493,1035,308.327818,0.0
2026-10-06,763,1690,20.209353,516241.75
2026-10-06,763,1691,21.84918,8852109.42
2026-10-06,763,1692,22.540293,0.0
2026-10-06,89,1207,4150.598659,8739954271.59
2026-10-06,89,89,4557.599115,227874228718.07
2026-10-06,89,5041,2.077743,0.0
2026-10-06,585,1183,240.727642,0.0
2026-10-06,585,1184,219.413752,6570563106.25
2026-10-06,585,1185,231.870748,0.0
2026-10-06,281,1073,2513.813177,19046797457.8
2026-10-06,281,281,2920.019225,186041869225.42
2026-10-06,281,1075,3921.159692,35306395104.51
2026-10-06,281,5042,2.421336,0.0
2026-10-06,566,1148,39.936122,2687158061.03
2026-10-06,566,1149,179.16859,20314489955.87
2026-10-06,566,1267,35.4995,0.0
2026-10-06,566,1271,178.409239,8399860.64
2026-10-06,566,2432,2.381586,0.0
2026-10-06,566,2433,1.786041,0.0
2026-10-06,648,1335,111.585245,28249962.07
2026-10-06,648,1336,127.433299,55238796.1
2026-10-06,648,1337,158.796373,0.0
2026-10-06,1701,5687,1.092138,0.0
2026-10-06,1701,5688,1.08648,1086.48
2026-10-06,1701,5689,1.08608,49939492.78
2026-10-06,1701,5690,1.092138,0.0
2026-10-06,1701,5691,1.092138,0.0
2026-10-06,1702,5692,1.009367,2220003.11
2026-10-06,1702,5693,1.009092,8899322.99
2026-10-06,1702,5694,1.017893,0.0
2026-10-06,1702,5695,1.012782,1234429.97
2026-10-06,1702,5696,1.017893,0.0
2026-10-06,1703,5697,1.262185,0.0
2026-10-06,1703,5698,1.250017,1103655.4
2026-10-06,1703,5699,1.2573,933421.01
2026-10-06,1703,5700,1.269119,0.0
2026-10-06,1703,5701,1.263286,2614482.56
2026-10-06,1704,5702,0.977593,0.0
2026-10-06,1704,5703,0.97471,974.71
2026-10-06,1704,5704,0.974961,43587133.9
2026-10-06,1704,5705,0.977593,0.0
2026-10-06,1704,5706,0.977593,0.0
2026-10-06,1705,5707,0.854318,0.0
2026-10-06,1705,5708,0.854317,9552.51
2026-10-06,1705,5709,0.854318,0.0
2026-10-06,1705,5710,0.854318,0.0
2026-10-06,1705,5711,0.854318,0.0
2026-10-06,534,1080,1.62417,0.0
2026-10-06,534,1081,377.951677,25545078652.2
2026-10-06,599,1786,1.62417,0.0
2026-10-06,1281,3568,5.513336,0.0
2026-10-06,1281,3569,5.414516,11046791.07
2026-10-06,1281,3570,5.999879,0.0
2026-10-06,804,2092,1.723839,0.0
2026-10-06,804,2093,3.077157,28087635664.63
2026-10-06,804,2094,1.721261,0.0
2026-10-06,804,2095,81.094482,0.0
2026-10-06,864,2487,1.061706,0.0
2026-10-06,864,2488,1.06889,7022157.37
2026-10-06,864,2489,1.061706,0.0
2026-10-06,864,2490,1.061706,0.0
2026-10-06,1415,4132,1.056015,0.0
2026-10-06,1415,4133,1.056015,0.0
2026-10-06,1415,4134,1.017184,5666059.65
2026-10-06,1289,3605,1.338995,0.0
2026-10-06,1289,3606,141.460332,65194858649.58
2026-10-06,1289,3607,6.776426,0.0
2026-10-06,785,1777,4.456597,0.0
2026-10-06,785,1778,3.79037,0.0
2026-10-06,785,1779,14.567588,10859883.44
2026-10-06,1330,3796,1.629257,128359913.07
2026-10-06,1330,3797,1.629062,5221744505.07
2026-10-06,1330,3798,10.316962,3968812838.33
2026-10-06,565,1146,14.442686,106047.4
2026-10-06,565,1147,18.750655,0.0
2026-10-06,565,1266,35.944591,0.0
2026-10-06,565,1270,81.197277,15293980298.5
2026-10-06,1262,3504,1.891061,0.0
2026-10-06,1262,3505,12.028651,42739524902.61
2026-10-06,1262,3506,36.96243,29592502.71
2026-10-06,1202,3292,1.221187,0.0
2026-10-06,1202,3293,2.194838,2893620.95
2026-10-06,1202,3294,1.210464,34538741.6
2026-10-06,676,1415,1.88121,0.0
2026-10-06,676,1416,1.900275,0.0
2026-10-06,676,1417,3.60471,0.0
2026-10-06,676,1418,48.831624,21757984372.8
2026-10-06,215,1600,1.261287,4071708.29
2026-10-06,215,215,1.283771,39158980.37
2026-10-06,215,5047,1.084359,0.0
2026-10-06,1199,4100,3.565787,5879199.78
2026-10-06,1199,3279,17.639445,895316471.12
2026-10-06,1199,3280,17.654979,3792071353.23
2026-10-06,710,1520,0.782707,0.0
2026-10-06,710,1521,0.736047,5086169.72
2026-10-06,710,1522,0.745517,32506443.03
2026-10-06,710,1523,0.75802,638669.38
2026-10-06,769,1729,60.204507,187473993.62
2026-10-06,769,1730,68.757849,4219511055.17
2026-10-06,769,1731,77.103692,0.0
2026-10-06,1282,3571,1.801342,0.0
2026-10-06,1282,3572,1.779667,1761.87
2026-10-06,1282,3573,1.779471,16903266644.54
2026-10-06,1283,3574,0.286239,0.0
2026-10-06,1283,3575,0.286239,11034688.97
2026-10-06,1283,3576,0.286239,0.0
2026-10-06,1279,3561,1.519348,59933766.71
2026-10-06,1279,3562,1.548651,96230254.99
2026-10-06,1279,3563,1.646365,5257692.72
2026-10-06,1279,5045,1.201694,0.0
2026-10-06,1284,3577,1.559282,0.0
2026-10-06,1284,3578,1.463056,84848962.26
2026-10-06,1284,3579,1.559282,0.0
2026-10-06,1778,6066,0.92107,0.0
2026-10-06,1778,6067,0.92107,0.0
2026-10-06,1778,6068,0.92107,9210.7
2026-10-06,1285,3580,1.323712,6979363.53
2026-10-06,1285,3581,1.328945,8531651.21
2026-10-06,1285,3582,1.362729,0.0
2026-10-06,1285,5046,1.342197,0.0
2026-10-06,1775,6057,1.053591,0.0
2026-10-06,1775,6058,1.053591,0.0
2026-10-06,1775,6059,1.053591,10535908.72
2026-10-06,1776,6060,1.05365,0.0
2026-10-06,1776,6061,1.05365,0.0
2026-10-06,1776,6062,1.05365,10536501.62
2026-10-06,1777,6063,1.053591,0.0
2026-10-06,1777,6064,1.053591,0.0
2026-10-06,1777,6065,1.053591,10535908.72
2026-10-06,1779,6069,0.921064,0.0
2026-10-06,1779,6070,0.921064,0.0
2026-10-06,1779,6071,0.921064,9210.64
2026-10-06,778,1787,2.027225,0.0
2026-10-06,639,1296,196.009772,43385825050.16
2026-10-06,639,1297,2.027225,0.0
2026-10-06,778,1312,2.027225,0.0
2026-10-06,539,1089,852.131671,0.0
2026-10-06,539,1090,875.344152,0.0
2026-10-06,539,1091,802.203566,49806548168.97
2026-10-06,824,2306,156.984699,1921900.89
2026-10-06,824,2307,172.218708,80317459724.05
2026-10-06,824,2308,185.847149,0.0
2026-10-06,495,998,656.884266,1704105424.81
2026-10-06,495,999,761.82193,21825803269.09
2026-10-06,538,1086,345.637589,914946453.44
2026-10-06,538,1087,127.454186,27191788337.46
2026-10-06,538,1088,130.724639,2539469054.65
2026-10-06,517,1045,349.392943,0.0
2026-10-06,517,1046,348.672385,0.0
2026-10-06,517,1197,329.210188,225172171501.32
2026-10-06,532,1076,231.069574,9962651785.38
2026-10-06,532,1077,262.066233,95136932206.55
2026-10-06,532,1078,332.08559,0.0
2026-10-06,532,5043,1.803101,0.01
2026-10-06,647,1331,29.651596,12762327.04
2026-10-06,647,1332,11.940299,0.24
2026-10-06,647,1333,1.893527,0.0
2026-10-06,647,1334,123.26076,35083851576.74
2026-10-06,535,1082,579.819415,187737374434.94
2026-10-06,643,1305,109.915987,0.0
2026-10-06,643,1306,99.215659,10282409.36
2026-10-06,643,1307,132.187551,0.0
2026-10-06,662,1367,232.55496,5760709.91
2026-10-06,662,1368,257.079763,1578559.72
2026-10-06,662,1369,270.428233,0.0
2026-10-06,675,1411,76.823329,17579069.62
2026-10-06,675,1412,83.389732,101588136.83
2026-10-06,675,1413,13.811812,0.0
2026-10-06,675,1414,62.712366,524246.63
2026-10-06,599,1216,188.677382,2733815361.45
2026-10-06,599,1217,299.11496,33581308097.84
2026-10-06,599,1398,98.033767,4563144295.74
2026-10-06,599,1399,1.459632,0.0
2026-10-06,987,1774,2.211146,0.0
2026-10-06,784,1775,10.579294,0.0
2026-10-06,784,1776,86.49868,15732460411.67
2026-10-06,1267,3524,7.447081,46610142.28
2026-10-06,1267,3525,11.594587,445578108.5
2026-10-06,1267,3526,13.152676,0.0
2026-10-06,1267,3527,8.391875,3598160955.14
2026-10-06,756,1663,80.517727,0.0
2026-10-06,756,1664,74.126417,17619844645.78
2026-10-06,756,1665,69.289166,166052.18
2026-10-06,1222,3385,11.623374,3019499562.84
2026-10-06,1222,3386,12.121126,45143207244.55
2026-10-06,1222,3387,12.487524,168597205339.3
2026-10-06,1222,3924,4.818494,20925938867.31
2026-10-06,1222,5106,1.567992,3729959778.93
2026-10-06,1638,5434,1.306718,1785980487.16
2026-10-06,1638,5435,1.332858,980503431.98
2026-10-06,1640,5438,1.510038,29123391886.75
2026-10-06,1640,5439,1.52658,216485534491.23
2026-10-06,1814,6226,1.026934,12649504.25
2026-10-06,1814,6227,1.028446,1932927.52
2026-10-06,1636,5429,1.424355,53547841363.01
2026-10-06,1636,5430,1.45075,164506124727.06
2026-10-06,1837,6328,1.004061,18560401.54
2026-10-06,1837,6329,1.00403,2659301.69
2026-10-06,1637,5432,1.137429,8195413.97
2026-10-06,1637,5433,1.142558,62685.25
2026-10-06,1639,5436,1.459075,14133007255.66
2026-10-06,1639,5437,1.482359,69059364438.65
2026-10-06,1646,5402,1.001021,2222907.3
2026-10-06,1246,5096,1.239232,3319941.38
2026-10-06,1246,3461,2.259423,26292307.52
2026-10-06,1316,3748,6.151912,18929923930.51
2026-10-06,1316,5098,1.450717,2171873.39
2026-10-06,1247,5097,1.105248,0.0
2026-10-06,1247,3462,22.113097,17909486981.83
2026-10-06,813,2208,103.402019,535095186.61
2026-10-06,815,2220,12.378909,4889668.84
2026-10-06,815,2221,132.933556,25517320876.58
2026-10-06,815,5095,1.052707,233571.17
2026-10-06,370,661,1598.56868,5702876112.4
2026-10-06,370,662,2274.45611,2246623803.81
2026-10-06,370,1934,55.103635,0.0
2026-10-06,370,1917,0.809701,0.0
2026-10-06,370,1916,0.030878,0.0
2026-10-06,370,3223,0.000794,0.0
2026-10-06,370,4718,1.611151,350407530.96
2026-10-06,370,4719,1.0,0.0
2026-10-06,371,663,287.286419,79260416465.95
2026-10-06,371,664,356.933071,243995796190.09
2026-10-06,1819,6252,1.02182,2288836.72
2026-10-06,1819,6253,1.023556,2385874.52
2026-10-06,473,931,405.007205,15768170382.06
2026-10-06,473,932,485.271339,46115295202.04
2026-10-06,473,2388,0.000743,0.0
2026-10-06,473,2387,0.003872,0.0
2026-10-06,473,4724,1.664471,286924441.78
2026-10-06,473,4725,1.441265,0.0
2026-10-06,572,1160,1.056159,0.0
2026-10-06,572,1161,137.094531,4914041980.87
2026-10-06,1553,4804,1.020304,22427693.15
2026-10-06,1553,4805,1.021813,31782802.09
2026-10-06,1553,4806,1.019967,3736.96
2026-10-06,1553,4807,1.0,0.0
2026-10-06,452,865,3.737345,12015450.0
2026-10-06,452,866,176.112071,23579277419.71
2026-10-06,452,2574,27.74735,25900582135.4
2026-10-06,469,921,323.19652,79531103.63
2026-10-06,469,922,438.679135,17025365035.14
2026-10-06,469,923,1.0,0.0
2026-10-06,469,1919,0.457856,0.0
2026-10-06,469,1918,0.049309,0.0
2026-10-06,492,992,550.347264,111863227391.1
2026-10-06,491,991,104.135414,1665882.16
2026-10-06,603,1223,316.136288,14460039501.43
2026-10-06,418,769,2.809192,0.0
2026-10-06,418,770,77.919763,8857274.44
2026-10-06,418,3221,0.000697,0.0
2026-10-06,418,3230,0.000685,0.0
2026-10-06,894,2645,23.670499,601343294.42
2026-10-06,894,2646,24.111028,5171034870.07
2026-10-06,894,2647,6.413496,0.0
2026-10-06,894,2648,0.00219,0.0
2026-10-06,894,3168,0.001863,0.0
2026-10-06,894,2649,0.00219,0.0
2026-10-06,670,1402,96.538748,26633283108.14
2026-10-06,678,1812,21.421621,3721533139.55
2026-10-06,678,1424,64.131791,1099763602.97
2026-10-06,678,2464,106.484779,97491011.53
2026-10-06,678,4720,1.0,0.0
2026-10-06,678,4721,1.0,0.0
2026-10-06,757,1667,144.188686,39373473730.73
2026-10-06,1215,3366,1.843931,229166.36
2026-10-06,1215,5239,1.504466,6356056672.21
2026-10-06,1275,3551,12.782995,6428416988.03
2026-10-06,1373,3940,1.0,1000.0
2026-10-06,420,773,783.481939,149628852.5
2026-10-06,420,774,316.512464,116141310.33
2026-10-06,420,1931,0.822287,0.0
2026-10-06,420,1930,0.059212,0.0
2026-10-06,420,3204,0.000556,0.0
2026-10-06,420,4728,1.0,0.0
2026-10-06,420,4729,1.0,0.0
2026-10-06,375,668,2346.418616,5212646368.49
2026-10-06,375,669,508.106167,940631088.34
2026-10-06,408,737,300.439466,571548959.19
2026-10-06,408,738,340.66344,8940230059.66
2026-10-06,408,3583,5.672642,0.0
2026-10-06,408,1921,0.342104,0.0
2026-10-06,408,1920,0.064131,0.0
2026-10-06,466,937,956.918497,5586842534.44
2026-10-06,466,915,1071.326976,4099010365.83
2026-10-06,466,1923,0.499169,0.0
2026-10-06,466,1922,0.350908,0.0
2026-10-06,466,4726,1.290786,0.0
2026-10-06,466,4727,1.455548,0.0
2026-10-06,1264,3514,1.880118,0.0
2026-10-06,1264,3515,19.615852,4046161611.35
2026-10-06,858,2458,34.022268,376118397.5
2026-10-06,858,2459,35.250961,53982259.1
2026-10-06,858,2463,0.021004,78.28
2026-10-06,858,2460,0.002272,0.0
2026-10-06,858,3169,0.012367,290.93
2026-10-06,614,1239,64.805366,6469199839.0
2026-10-06,614,1240,89.635822,20171980333.97
2026-10-06,614,3608,19.082571,0.0
2026-10-06,394,715,49.246056,77422776607.04
2026-10-06,394,716,102.625083,720998992844.22
2026-10-06,394,3737,8.648266,126942057394.39
2026-10-06,394,4713,1.55931,0.0
2026-10-06,394,4715,1.118756,0.0
2026-10-06,394,6330,49.244226,7531092145.56
2026-10-06,394,3919,5.988234,418715543684.3
2026-10-06,402,725,1336.739633,4887304229.47
2026-10-06,402,726,1862.24631,8657881496.68
2026-10-06,402,1935,1989.29671,7480462844.1
2026-10-06,402,1925,0.845258,0.0
2026-10-06,402,1924,0.031406,0.0
2026-10-06,369,659,1721.289392,3630919344.14
2026-10-06,369,660,1953.4108,6095092040.13
2026-10-06,369,1822,57.228941,0.0
2026-10-06,369,1929,0.870359,0.0
2026-10-06,369,1928,0.09342,0.0
2026-10-06,369,4716,1.219548,0.0
2026-10-06,369,4717,1.0,0.0
2026-10-06,709,1518,1.362698,685570.77
2026-10-06,709,1519,1.396926,3096294.32
2026-10-06,709,3301,2.179234,4878297.58
2026-10-06,709,3302,1.096094,149508.31
2026-10-06,709,4722,1.330919,2769.91
2026-10-06,709,4723,1.192716,0.0
2026-10-06,829,2341,0.921489,133949.47
2026-10-06,829,2342,0.947992,1502574.4
2026-10-06,829,3303,1.134047,4243669.35
2026-10-06,829,3304,1.045376,0.0
2026-10-06,829,5153,1.024536,0.0
2026-10-06,829,5154,1.0,0.0
2026-10-06,792,1852,109.456307,6781366533.35
2026-10-06,792,1842,124.250804,14741880490.06
2026-10-06,792,3450,18.533299,4633324768.61
2026-10-06,419,771,643.71814,6302352535.64
2026-10-06,419,772,96.562524,61776964853.04
2026-10-06,419,1927,0.625109,0.06
2026-10-06,419,1926,0.023826,0.0
2026-10-06,1304,3704,10.593589,57067963.6
2026-10-06,1304,3705,6.053714,614476888.46
2026-10-06,273,1862,1.469525,0.0
2026-10-06,273,1863,1.563919,0.0
2026-10-06,273,1864,1.775807,0.0
2026-10-06,273,334,79.114483,940270331.76
2026-10-06,273,273,2372.204114,42052125063.8
2026-10-06,273,1455,2546.180387,2015930841.52
2026-10-06,427,793,1096.509572,143749510.32
2026-10-06,427,794,1284.197787,36888747053.87
2026-10-06,427,1456,1549.577687,0.0
2026-10-06,427,1893,0.856882,0.0
2026-10-06,427,1894,0.939965,0.0
2026-10-06,427,1895,0.962618,0.0
2026-10-06,1599,5260,1.573516,225086069.69
2026-10-06,1599,5261,1.548441,13619458548.7
2026-10-06,1599,5262,1.612913,0.0
2026-10-06,868,2497,133.709351,2639785778.86
2026-10-06,868,2498,138.812007,5373937962.99
2026-10-06,1611,5303,1.0736,0.0
2026-10-06,1611,5304,1.0,0.0
2026-10-06,1611,5305,1.1344,8956549.31
2026-10-06,1499,4482,1.1551,12159064.43
2026-10-06,1499,4483,1.1551,4970790.03
2026-10-06,1499,4484,1.0,0.0
2026-10-06,1499,4485,1.0,0.0
2026-10-06,1499,4902,1.1108,4340761.73
2026-10-06,1406,4096,2.814772,2098089362.92
2026-10-06,1406,4097,5.329446,334700370.19
2026-10-06,1406,4098,1.0,0.0
2026-10-06,1406,4099,1.0,0.0
2026-10-06,1406,4901,1.0,0.0
2026-10-06,1483,4397,1.0524,136809551.49
2026-10-06,1483,4398,2.1881,8297217095.56
2026-10-06,1483,4399,1.0,0.0
2026-10-06,1483,4400,1.0,0.0
2026-10-06,1370,3928,11.239689,2508439858.01
2026-10-06,1370,3929,11.239706,11763442813.87
2026-10-06,1370,3930,1.0,0.0
2026-10-06,1370,3931,1.0,0.0
2026-10-06,1869,6460,1.0642,182603406.26
2026-10-06,1869,6461,1.0813,1712488097.37
2026-10-06,1707,5716,1.5322,8864032703.42
2026-10-06,1707,5717,1.5727,3070671660.81
2026-10-06,1707,5718,1.0,0.0
2026-10-06,1707,5719,1.0,0.0
2026-10-06,1899,6565,1.0,0.0
2026-10-06,1899,6566,0.9184,6512946665.0
2026-10-06,1430,4188,3.129157,48875199.72
2026-10-06,1430,4189,3.59619,2729537327.16
2026-10-06,433,814,571.795526,45366168518.83
2026-10-06,433,815,675.101205,32032904724.96
2026-10-06,433,4827,571.96209,572423603.09
2026-10-06,1788,6101,0.997401,99740.09
2026-10-06,383,693,3771.695171,17834677857.36
2026-10-06,383,694,5172.529443,8447214515.45
2026-10-06,435,818,127.248129,7429053.96
2026-10-06,435,819,131.862624,99471.98
2026-10-06,845,3550,19.748198,23572052364.1
2026-10-06,845,2406,20.257593,19869170323.26
2026-10-06,691,1459,33068.708522,3112274.73
2026-10-06,322,350,359.280407,59120494226.77
2026-10-06,423,6705,359.302389,1013.84
2026-10-06,322,4825,359.295329,168506508.57
2026-10-06,745,1648,18.420851,10275131.91
2026-10-06,745,1633,18.801196,1880.12
2026-10-06,1662,5551,1.007961,68238664.67
2026-10-06,111,943,179.801563,540194212487.41
2026-10-06,111,944,197.866333,3928139593485.37
2026-10-06,111,4813,179.853187,143825492.89
2026-10-06,111,4814,197.866252,3347359.03
2026-10-06,1774,6051,1.11073,5553649.16
2026-10-06,846,2407,1.098858,253840899.63
2026-10-06,846,4554,1.104261,31908027.78
2026-10-06,846,4831,1.098993,13591469.84
2026-10-06,846,4832,1.104272,32424.6
2026-10-06,1885,6520,0.999207,99920.68
2026-10-06,1787,6100,1.000544,100054.43
2026-10-06,844,5409,1.198921,52027466.34
2026-10-06,844,5323,1.202699,3989759.2
2026-10-06,844,5450,1.198953,135869.6
2026-10-06,379,681,14.683578,94020304686.78
2026-10-06,379,682,169.682139,109479375072.37
2026-10-06,287,287,14.391261,61480647859.47
2026-10-06,287,895,258.062738,9345164995.47
2026-10-06,287,6050,259.700106,13334040650.64
2026-10-06,287,6218,260.687611,167766029718.39
2026-10-06,287,4815,14.392406,105140851.42
2026-10-06,287,6207,258.12408,105144.9
2026-10-06,434,816,18.584683,25679680671.18
2026-10-06,434,817,19.217539,36799720005.95
2026-10-06,690,1492,23.570258,11818276350.68
2026-10-06,690,1458,41.210435,6688694655.12
2026-10-06,690,4829,23.572174,138566635.35
2026-10-06,1786,6099,0.998974,99897.4
2026-10-06,1884,6519,1.031255,1031255.33
2026-10-06,1883,6518,1.031255,1031255.33
2026-10-06,779,1803,16.236614,1913218.16
2026-10-06,779,1757,16.600987,12926.32
2026-10-06,817,2240,1.001116,0.0
2026-10-06,817,2241,0.001373,2261555.68
2026-10-06,817,2242,1.0,0.0
2026-10-06,727,1578,0.600162,8582975.24
2026-10-06,727,1579,0.600263,480210.68
2026-10-06,21,21,243.094758,56352656417.16
2026-10-06,21,1843,276.324495,52442746617.2
2026-10-06,21,5790,320.223771,4434763.0
2026-10-06,851,2426,1.820223,282856.28
2026-10-06,851,2427,1.857026,262787.73
2026-10-06,851,2428,1.910625,34245.28
2026-10-06,193,734,669.322488,331874313256.27
2026-10-06,193,193,750.773165,190322484492.08
2026-10-06,193,735,797.901139,261716513869.74
2026-10-06,500,1008,166.2899,319921685503.67
2026-10-06,500,1009,174.722524,149466199397.59
2026-10-06,500,1010,184.317405,313958801677.21
2026-10-06,500,5789,184.932854,9489958.87
2026-10-06,212,6676,91.661939,38773.0
2026-10-06,165,3979,7.326541,13235239058.22
2026-10-06,540,1092,95.45077,21172455193.0
2026-10-06,540,1093,99.726563,12746207585.52
2026-10-06,540,1094,103.741481,40127471982.94
2026-10-06,540,5791,102.994498,16449420.13
2026-10-06,1314,3742,9.150715,4086982175.99
2026-10-06,1314,3743,9.293538,604559903.93
2026-10-06,1314,3744,9.43866,1149169778.22
2026-10-06,558,1127,85.966759,3294994213.51
2026-10-06,558,1128,89.633524,6407759830.95
2026-10-06,558,1129,94.833453,104569324436.76
2026-10-06,897,3212,1.483143,63439533.77
2026-10-06,1325,6682,8.638856,12648657131.4
2026-10-06,1459,4312,1.422703,94030316.68
2026-10-06,1459,4313,1.42809,30886377.9
2026-10-06,1459,4314,1.433494,6201675.48
2026-10-06,663,1370,61.845622,18194855577.22
2026-10-06,663,1371,64.390198,5273501086.8
2026-10-06,663,1372,70.621435,724349564.69
2026-10-06,1313,3739,11.193012,7038864115.65
2026-10-06,1313,3740,11.317243,2036234413.06
2026-10-06,1313,3741,11.750081,760963.59
2026-10-06,22,22,2845.46315,38922041741.64
2026-10-06,22,1193,3383.461931,18657945993.59
2026-10-06,345,575,85.61215,3840445910455.73
2026-10-06,345,576,103.459337,4509280084420.87
2026-10-06,345,3736,105.131894,1002322057002.46
2026-10-06,345,6564,92.983505,208038974340.76
2026-10-06,345,4556,76.123386,0.0
2026-10-06,1633,5416,1.015363,2088653616.72
2026-10-06,1633,5417,1.015368,465037.35
2026-10-06,1633,5418,1.015364,2554742.1
2026-10-06,1633,6331,1.002493,66737886.55
2026-10-06,1460,4315,1.118037,236959333.84
2026-10-06,1460,4316,1.121496,154582444.15
2026-10-06,1460,4317,1.124983,141622231.09
2026-10-06,852,2429,1.261703,597130.1
2026-10-06,852,2430,1.271823,450482.09
2026-10-06,852,2431,1.282193,1259150.04
2026-10-06,68,68,200.085037,126886094596.1
2026-10-06,68,1241,207.61119,40724362117.35
2026-10-06,68,1242,214.210373,118556272430.83
2026-10-06,191,191,979.75504,93657851590.69
2026-10-06,191,805,1107.520417,32587348840.67
2026-10-06,191,806,1170.42425,47766688038.39
2026-10-06,191,5788,1213.18007,20157872.48
2026-10-06,838,6675,43.020311,113232170328.46
2026-10-06,719,1551,1.01164,0.0
2026-10-06,894,1552,1.590865,0.0
2026-10-06,894,1553,24.157381,23164276930.46
2026-10-06,719,2556,1.0,0.0
2026-10-06,1265,3516,4.814017,0.0
2026-10-06,1265,3517,12.029546,116757527.8
2026-10-06,1265,3518,3.738451,0.0
2026-10-06,1265,3519,3.988772,12901278656.5
2026-10-06,1849,6379,1.116142,111614.22
2026-10-06,1849,6380,1.0,0.0
2026-10-06,1849,6381,1.0,0.0
2026-10-06,1849,6382,1.124494,4390511527.21
2026-10-06,1187,3207,1.0,0.0
2026-10-06,1187,3208,1.0,0.0
2026-10-06,1187,3209,1.0,0.0
2026-10-06,1187,3210,47.477088,28495023161.92
2026-10-06,743,1625,1.759802,4147924.88
2026-10-06,743,1626,1.991267,1968947.01
2026-10-06,743,1627,1.0,0.0
2026-10-06,743,1628,1.0,0.0
2026-10-06,743,3470,1.0,0.0
2026-10-06,1207,3336,26.021808,57237746.2
2026-10-06,1207,3337,14.015455,0.0
2026-10-06,1207,3338,17.100184,24626766467.11
2026-10-06,1207,3339,1.0,0.0
2026-10-06,1251,3471,33.997525,2119445579.33
2026-10-06,1251,3472,1.0,0.0
2026-10-06,1251,3473,1.000564,0.0
2026-10-06,1251,3474,1.0,0.0
2026-10-06,1238,3438,1.0,0.0
2026-10-06,1238,3439,1.0,0.0
2026-10-06,1238,3440,18.732915,1046666588.27
2026-10-06,1238,3441,1.0,0.0
2026-10-06,1259,3493,2.077403,0.0
2026-10-06,1259,3494,1.0,0.0
2026-10-06,1259,3495,3.221445,0.0
2026-10-06,1259,3496,2.12559,6534490135.53
2026-10-06,1271,3539,1.0,0.0
2026-10-06,1271,3540,20.235419,2921692245.36
2026-10-06,1271,3541,19.91152,19911.52
2026-10-06,1271,3542,1.0,0.0
2026-10-06,1298,3679,12.035143,0.0
2026-10-06,1298,3680,1.0,0.0
2026-10-06,1298,3681,5.416356,0.0
2026-10-06,1298,3682,14.407275,641062751.29
2026-10-06,1305,3706,9.770339,0.0
2026-10-06,1305,3707,16.495673,0.0
2026-10-06,1305,3708,1.0,0.0
2026-10-06,1305,3709,36.469939,2252578443.32
2026-10-06,1405,4090,1.0,0.0
2026-10-06,1405,4091,1.0,0.0
2026-10-06,1405,4092,3.240119,0.0
2026-10-06,1405,4093,5.96824,57953486658.38
2026-10-06,744,1629,70.773113,3156026991.17
2026-10-06,744,1630,60.191422,747532104.87
2026-10-06,744,1631,2.098966,0.0
2026-10-06,744,1632,3.16071,309062719.2
2026-10-06,1248,3463,7.589346,740295423.16
2026-10-06,1248,3464,18.470591,1313271936.23
2026-10-06,1248,3465,18.824072,688877498.18
2026-10-06,1809,6203,0.003637,8695280000.41
2026-10-06,1809,6204,0.003553,0.0
2026-10-06,1809,6205,0.003639,10260381.98
2026-10-06,888,2588,18.287053,6677771087.13
2026-10-06,888,2589,18.617297,114334456763.9
2026-10-06,888,2590,19.975732,36314932717.78
2026-10-06,888,5943,1.01873,0.0
2026-10-06,806,2100,74.955574,272676944.31
2026-10-06,806,2101,76.586278,4899169371.29
2026-10-06,806,2102,13.511348,149807206.38
2026-10-06,805,2097,0.651632,20832793.35
2026-10-06,805,2098,0.500516,8780502.81
2026-10-06,805,2099,0.674676,2746766.67
2026-10-06,805,4904,1.04641,101820.18
2026-10-06,1848,6375,0.572852,721923.27
2026-10-06,1848,6376,0.573071,175061.63
2026-10-06,1848,6377,0.572888,8131772.18
2026-10-06,1848,6378,1.0,0.0
2026-10-06,761,1684,39.195299,1690539943.71
2026-10-06,761,1685,40.132961,15795122560.04
2026-10-06,761,1686,44.602748,748285993.39
2026-10-06,1463,4326,2.15971,2159.71
2026-10-06,1463,4327,2.21156,2211.56
2026-10-06,1463,4328,2.349184,17338149735.46
2026-10-06,1464,4329,1.0,0.0
2026-10-06,1464,4330,1.0,0.0
2026-10-06,1464,4331,2.693571,44420132576.37
2026-10-06,762,1687,0.462812,1689256.89
2026-10-06,762,1688,0.463135,801897.58
2026-10-06,762,1689,0.461578,582626.32
2026-10-06,762,4903,1.046856,0.0
2026-10-06,1916,6623,1.03929,3885748364.91
2026-10-06,1916,6624,1.03717,1037.17
2026-10-06,1916,6625,1.03924,1039.24
2026-10-06,460,886,15.867214,1214724.52
2026-10-06,460,3687,1.896437,839993.34
2026-10-06,460,3688,2.404719,0.0
2026-10-06,545,1103,633.169286,4078120936.31
2026-10-06,545,2635,633.170917,10948942742.26
2026-10-06,545,2636,1.0,0.0
2026-10-06,545,2637,0.000658,0.0
2026-10-06,545,2638,0.002022,0.0
2026-10-06,545,2639,0.002028,0.0
2026-10-06,545,4785,1.53022,0.0
2026-10-06,1294,3620,1.0,0.0
2026-10-06,1294,3621,2.137514,21375.14
2026-10-06,1294,3622,6.278702,0.0
2026-10-06,1295,3623,1.0,0.0
2026-10-06,1295,3624,18.183107,16798903892.36
2026-10-06,1295,3625,1.0,0.0
2026-10-06,1319,3760,1.0,0.0
2026-10-06,1319,3761,0.824321,111437.15
2026-10-06,1319,3762,1.0,0.0
2026-10-06,1337,3824,1.0,0.0
2026-10-06,1337,3825,2.806045,6362735026.97
2026-10-06,1337,3826,1.0,0.0
2026-10-06,1440,4229,1.0,0.0
2026-10-06,1440,4230,0.589582,17290138697.29
2026-10-06,1440,4231,1.0,0.0
2026-10-06,1441,4232,1.0,0.0
2026-10-06,1441,4233,2.693812,12562142425.37
2026-10-06,1441,4234,1.0,0.0
2026-10-06,1442,4235,1.0,0.0
2026-10-06,1442,4236,0.205198,11518983796.9
2026-10-06,1442,4237,1.0,0.0
2026-10-06,597,1210,1.240314,94973.09
2026-10-06,597,1211,1.708569,2427555.06
2026-10-06,671,1403,1.0,0.0
2026-10-06,671,1404,27.926685,33363741134.48
2026-10-06,672,1405,1.007849,0.0
2026-10-06,672,1406,34.003216,39011819106.65
2026-10-06,598,1212,12.105485,41836867.78
2026-10-06,598,1213,21.361951,526591140.84
2026-10-06,836,1407,1.00508,0.0
2026-10-06,836,1408,157.17271,52313129271.91
2026-10-06,674,1409,1.85898,0.0
2026-10-06,674,1410,17.923021,19297474237.66
2026-10-06,1644,5472,1.01122,2387957.89
2026-10-06,1644,5473,1.012079,4014574.91
2026-10-06,1644,5474,1.0,0.0
2026-10-06,865,2491,1.202034,0.0
2026-10-06,865,2492,3.379472,3691880.99
2026-10-05,1198,3274,23.144132,0.0
2026-10-05,1198,3275,0.162586,0.0
2026-10-06,1218,3372,1.0,0.0
2026-10-06,1218,3373,0.116567,14324690.63
2026-10-06,347,580,304.664108,25086068009.91
2026-10-06,347,732,306.977559,150144234256.11
2026-10-06,347,3683,12.244518,4273268889.35
2026-10-06,834,2369,1.162656,8162096.02
2026-10-06,834,2370,1.201808,13103378.97
2026-10-06,1188,3213,29.625993,10418978678.09
2026-10-06,1188,3214,29.706862,12701807455.57
2026-10-06,1217,3370,1.0,0.0
2026-10-06,1217,3371,0.073827,81693807.43
2026-10-06,1348,3845,7.104533,5281318808.09
2026-10-06,1348,3846,8.428665,4301768342.6
2026-10-06,1348,3847,1.0,0.0
2026-10-06,1348,4782,1.656027,0.0
2026-10-06,1347,3842,3.407571,0.0
2026-10-06,1347,3843,1.659268,41116135415.69
2026-10-06,1347,3844,1.0,0.0
2026-10-06,1386,3990,1.928636,0.0
2026-10-06,1386,3991,0.000773,0.0
2026-10-06,1386,3992,1.920618,0.0
2026-10-06,1387,3993,1.400422,2175384577.96
2026-10-06,1387,3994,5.720284,5827444730.16
2026-10-06,1387,3996,1.0,0.0
2026-10-06,512,1033,167.45202,14668070.7
2026-10-06,512,1034,177.308373,217561318.23
2026-10-06,512,2626,50.397789,1222011531.13
2026-10-06,512,2627,0.000683,0.0
2026-10-06,512,2628,0.000658,0.0
2026-10-06,512,2629,0.000658,0.0
2026-10-06,512,3282,1.0,0.0
2026-10-06,1650,5492,1.0,0.0
2026-10-06,1650,5493,1.088197,13822036.4
2026-10-06,1650,5494,1.0,0.0
2026-10-06,1649,5489,1.0,0.0
2026-10-06,1649,5490,0.4274,427.4
2026-10-06,1649,5491,1.0,0.0
2026-10-06,638,3945,42.174658,1629184421.1
2026-10-06,638,1295,42.176784,59498061239.7
2026-10-06,638,3946,5.762386,12618476709.83
2026-10-06,638,4783,1.242052,0.0
2026-10-06,465,913,31.933263,15743099.82
2026-10-06,465,914,145.857334,22645605291.45
2026-10-06,465,3684,12.835342,7699303443.18
2026-10-06,353,597,103.757643,155169120.42
2026-10-06,353,2617,2.144644,1789650427.24
2026-10-06,353,2618,1.0,0.0
2026-10-06,353,2619,1.0,0.0
2026-10-06,353,2620,1.0,0.0
2026-10-06,353,2621,1.0,0.0
2026-10-06,409,739,1.936849,67083785.28
2026-10-06,409,740,1.974704,56.69
2026-10-06,409,2622,1.0,0.0
2026-10-06,409,2624,1.0,0.0
2026-10-06,409,2625,1.0,0.0
2026-10-06,409,3283,1.0,0.0
2026-10-06,409,4784,1.061223,0.0
2026-10-06,487,962,31.002113,2431440058.29
2026-10-06,487,3677,11.604697,4782858149.44
2026-10-06,487,3678,1.0,0.0
2026-10-06,544,1104,245.888668,29745164329.46
2026-10-06,544,2640,1.136346,3173063106.17
2026-10-06,544,2641,1.0,0.0
2026-10-06,544,2642,1.0,0.0
2026-10-06,544,2643,1.0,0.0
2026-10-06,544,2644,1.0,0.0
2026-10-06,544,4786,1.040256,0.0
2026-10-02,1315,3745,4.685379,0.0
2026-10-02,1315,3746,5.630839,0.0
2026-10-02,1315,3747,1.0,0.0
2026-10-06,510,1031,594.719088,1649998146.86
2026-10-06,510,3685,32.767854,17574881126.8
2026-10-06,510,3686,1.0,0.0
2026-10-06,615,1243,365.038781,18388722065.54
2026-10-06,615,2249,404.955644,84481659787.48
2026-10-06,615,2250,0.262247,3280.33
2026-10-06,615,2251,0.002798,0.0
2026-10-06,489,967,255.488882,14287742340.9
2026-10-06,489,2260,179.819094,29306992516.86
2026-10-06,616,1244,99.504991,15994958472.7
2026-10-06,616,2252,103.712007,12547457690.47
2026-10-06,446,845,814.446034,650668193.88
2026-10-06,446,2263,406.114926,323799033.48
2026-10-06,1245,3455,14.208881,21426657296.12
2026-10-06,1245,3456,1.218555,184729518.54
2026-10-06,748,1640,65.363997,463806406.8
2026-10-06,748,1641,59.271485,5226981988.06
2026-10-06,748,2258,0.037867,4.84
2026-10-06,748,2259,0.000666,0.0
2026-10-06,349,582,3.233842,121267438.92
2026-10-06,349,583,3.887731,142966955.23
2026-10-06,349,4821,1.078562,9224533.4
2026-10-06,349,4822,1.091655,5545074.27
2026-10-06,490,969,141.448848,55215499944.47
2026-10-06,842,2402,1.209832,536037.78
2026-10-06,842,2403,1.269399,20176219.8
2026-10-06,747,1638,1.228612,38202211.11
2026-10-06,747,1639,1.246118,24654919.48
2026-10-06,747,4817,1.053077,2164989.06
2026-10-06,747,4818,1.0569,1440543.54
2026-10-06,1273,3545,1.413078,44776883.94
2026-10-06,1273,3546,1.304665,2582552.14
2026-10-06,1273,5117,1.117403,339748.02
2026-10-06,1475,4364,1.123047,2863522.99
2026-10-06,1475,4365,1.128553,1042949.28
2026-10-06,1475,4819,1.100363,226757.84
2026-10-06,1475,4820,1.110747,19896.06
2026-10-06,861,2482,25.920925,9054365036.73
2026-10-06,861,2483,26.502807,22694102685.38
2026-10-06,1272,3543,15.126509,10947495794.77
2026-10-06,1476,4366,1.0,10000.0
2026-10-06,1476,4367,1.0,0.0
2026-10-06,1383,3975,4.114473,0.0
2026-10-06,1383,3977,6.622813,70513434695.48
2026-10-06,1384,3976,2.076714,8953816350.17
2026-10-06,1384,3978,2.114548,10811367595.16
2026-10-06,1478,4371,1.829183,5048383162.96
2026-10-06,1478,4372,1.823355,7643150216.08
2026-10-06,1477,4368,1.130113,999040685.78
2026-10-06,1477,4369,1.112177,741664169.59
2026-10-06,841,2398,15.298574,10966620202.59
2026-10-06,841,2399,17.192654,14548319051.35
2026-10-06,543,1101,254.74195,4678887081.68
2026-10-06,543,1102,267.52092,19600908593.12
2026-10-06,840,2394,52.411508,356733909.53
2026-10-06,840,2395,42.962995,14847238142.39
2026-10-06,617,1245,280.13695,9184173629.86
2026-10-06,617,2255,285.663856,13176673137.61
2026-10-06,617,2256,0.183615,1.63
2026-10-06,617,2257,0.00179,0.0
2026-10-06,1576,5125,1.1897,0.0
2026-10-06,1392,4029,2.946217,90659634.6
2026-10-06,1392,4030,4.088713,573247547.29
2026-10-06,1392,4031,4.553584,31289920620.41
2026-10-06,1984,6784,1.003042,1007002278.78
2026-10-06,1985,6790,1.00248,200496049.28
2026-10-06,1893,6540,0.993011,3633571.3
2026-10-06,789,1800,10.4057,2477643995.4
2026-10-06,789,1801,2.0463,2652153993.96
2026-10-06,1413,4124,0.9066,0.0
2026-10-06,1413,4125,2.701,10142476283.21
2026-10-06,1413,4128,1.0467,0.0
2026-10-06,1749,5914,1.1931,14411992258.55
2026-10-06,1751,5917,1.015,0.0
2026-10-06,1751,5919,1.1729,4268057954.34
2026-10-06,1898,6563,0.995675,45066652731.72
2026-10-06,1865,6447,1.07393,18472602119.11
2026-10-06,684,1442,2.620119,0.0
2026-10-06,684,1443,66.941683,4376409875.89
2026-10-06,740,1614,97.554201,437703458.37
2026-10-06,740,1615,90.509878,6739303814.11
2026-10-06,740,4905,1.0,0.0
2026-10-06,387,807,309.537339,517294158.17
2026-10-06,387,702,283.355204,13639084292.14
2026-10-06,388,808,484.458117,360619479.94
2026-10-06,388,703,429.394759,24199782426.16
2026-10-06,389,809,550.589695,331212736.63
2026-10-06,389,704,473.181817,61873918304.45
2026-10-06,685,1444,118.426817,1108588220.2
2026-10-06,685,1445,121.313981,85018353877.47
2026-10-06,686,1446,61.713746,651850274.65
2026-10-06,686,1447,137.479499,19189890105.21
2026-10-06,686,4906,1.0,0.0
2026-10-06,636,1292,47.092289,14378804340.88
2026-10-06,636,1293,53.844219,729882729259.67
2026-10-06,636,1432,40.453104,1449334458.73
2026-10-06,636,1433,1.011972,0.0
2026-10-06,636,1905,1.001761,0.0
2026-10-06,636,6055,1.175175,807289336.09
2026-10-06,1593,5225,1.78804,23397558685.61
2026-10-06,774,1740,0.45458,0.0
2026-10-06,774,1741,0.553023,20798306.91
2026-10-06,774,1742,0.829065,0.0
2026-10-06,774,1743,1.0,0.0
2026-10-06,774,1906,1875.164289,0.0
2026-10-06,642,1301,1.145259,0.0
2026-10-06,642,1302,100.006705,47993163565.76
2026-10-06,642,1303,10.149708,970.52
2026-10-06,642,1304,1.0,0.0
2026-10-06,1735,5869,1.365797,136579.68
2026-10-06,1522,4557,1.047544,18410201.68
2026-10-06,1522,4558,1.032699,144546584.53
2026-10-06,1522,4559,1.047441,2517161.93
2026-10-06,1522,4560,1.0,0.0
2026-10-06,1522,4561,1.0,0.0
2026-10-06,1522,4562,1.0,0.0
2026-10-06,1522,4563,1.0,0.0
2026-10-06,1522,4564,1.0,0.0
2026-10-06,1522,4565,1.0,0.0
2026-10-06,1522,4566,1.0,0.0
2026-10-06,1522,5015,1.04213,301108.95
2026-10-06,839,2389,1.300319,1339392.79
2026-10-06,839,2390,1.306594,8771725.24
2026-10-06,839,2391,1.306563,12238490.18
2026-10-06,839,2392,1.017732,0.0
2026-10-06,839,2393,1.210599,1063305.28
2026-10-06,839,4094,1.210612,3697276.68
2026-10-06,839,4095,1.210859,50411.99
2026-10-06,839,4983,1.073199,0.0
2026-10-06,1205,3318,13.953822,390319190.02
2026-10-06,1205,3319,14.335181,6092169363.06
2026-10-06,1205,3320,14.776703,115969338.5
2026-10-06,1205,3321,1.0,0.0
2026-10-06,665,1386,92.826533,2176351595.84
2026-10-06,665,1387,95.089097,8090778106.07
2026-10-06,665,1388,91.686387,314484823.38
2026-10-06,665,1389,1.0,0.0
2026-10-06,665,5275,1.097713,0.0
2026-10-06,634,1288,148.341353,14501498399.68
2026-10-06,634,1289,162.693301,130989643884.36
2026-10-06,634,1434,118.048371,2556163100.15
2026-10-06,634,1435,1.0,0.0
2026-10-06,731,1589,1.78247,14555469.83
2026-10-06,731,1590,1.8344,26337457.94
2026-10-06,731,1591,1.805474,4173689.74
2026-10-06,731,1592,1.0,0.0
2026-10-06,731,3291,1.090997,0.0
2026-10-06,731,5016,1.149629,0.0
2026-10-06,1349,3848,1.0,0.0
2026-10-06,1349,3849,1.027651,25458.19
2026-10-06,1349,3850,1.0,0.0
2026-10-06,1349,3851,1.0,0.0
2026-10-06,1349,5017,1.0,0.0
2026-10-06,1422,4153,5.117854,145270688.79
2026-10-06,1422,4154,5.713324,1228540996.68
2026-10-06,1422,4155,5.628883,161489027.59
2026-10-06,1422,4156,1.0,0.0
2026-10-06,633,1286,255.007573,7809529201.68
2026-10-06,633,1287,264.954754,28165736854.29
2026-10-06,633,1440,234.507485,942484801.52
2026-10-06,633,1441,1.0,0.0
2026-10-06,633,2008,1.0,0.0
2026-10-06,633,2009,1.0,0.0
2026-10-06,633,5093,1.276056,0.0
2026-10-06,430,803,168.795022,364046149.59
2026-10-06,430,804,1092.785787,2823428359.72
2026-10-06,430,1430,119.419117,98109037.94
2026-10-06,430,1431,1.0,0.0
2026-10-06,1594,5228,1.035622,0.0
2026-10-06,1594,5229,1.002545,0.0
2026-10-06,1594,5230,1.04016,520.08
2026-10-06,1594,5236,1.038718,1042106503.91
2026-10-06,1799,6156,1.1296,8281823406.67
2026-10-06,1799,6157,1.1341,2961872820.52
2026-10-06,1799,6158,1.0,0.0
2026-10-06,1799,6159,1.0,0.0
2026-10-06,717,1546,2.086265,0.0
2026-10-06,717,1547,2.610206,0.0
2026-10-06,819,2276,57.20813,2716401539.51
2026-10-06,819,2277,67.734452,1060041106.87
2026-10-06,819,2278,58.304423,54142747.21
2026-10-06,818,2268,1.114318,9999894.35
2026-10-06,818,2269,1.119166,7209252.32
2026-10-06,818,2270,1.0,0.0
2026-10-06,818,2271,1.0,0.0
2026-10-06,1301,3697,12.333606,116064344553.18
2026-10-06,1301,3698,12.346625,51755160960.21
2026-10-06,1301,3699,15.207864,0.0
2026-10-06,1570,5099,1.099916,45497321.83
2026-10-06,1570,5100,1.091092,281461693.23
2026-10-06,1570,5101,1.091088,35147495.77
2026-10-06,1570,5102,1.115399,0.0
2026-10-06,1642,5462,1.603847,27867849122.19
2026-10-06,1642,5463,1.603844,4046731702.77
2026-10-06,1397,4049,4.642862,940482548.58
2026-10-06,825,2313,62.853364,711459974.17
2026-10-06,826,2314,105.506856,4535903602.8
2026-10-06,604,1224,157.391545,93022770567.87
2026-10-06,1258,3492,9.150877,11608525056.79
2026-10-06,637,1294,188.923136,18308516509.41
2026-10-06,197,577,77.418013,83495791.49
2026-10-06,786,1782,112.108977,31334898149.78
2026-10-06,984,1789,1.0,0.0
2026-10-06,1716,5771,1.427341,5494312452.21
2026-10-06,423,786,275.669455,129636511830.76
2026-10-06,1135,3115,196.11795,100353751.13
2026-10-06,1134,3114,183.19236,11166490.31
2026-10-06,1581,5145,1.75742,8628109387.04
2026-10-06,1733,5863,1.009484,47798180.32
2026-10-06,605,1225,12.668041,21590598437.95
2026-10-06,75,75,251.69142,1666107963271.94
2026-10-05,141,141,764.91226,32814709946.17
2026-10-06,725,1572,1.245122,144261743.96
2026-10-06,1133,3113,1.071267,15078.08
2026-10-06,1132,3112,0.531818,35.1
2026-10-06,1719,5777,1.379896,5163555282.92
2026-10-06,1719,5778,1.381264,7865917318.57
2026-10-06,1719,5779,1.0,0.0
2026-10-06,1719,5781,1.0,0.0
2026-10-06,1720,5780,1.073865,11200353.85
2026-10-06,1720,5782,1.073666,1382175.25
2026-10-06,1720,5784,1.0,0.0
2026-10-06,854,2444,25.836267,665645112.53
2026-10-06,505,2477,888.6024,3381807905.94
2026-10-06,505,1021,888.602414,6078623775.73
2026-10-06,505,1996,0.027814,0.0
2026-10-06,505,4928,1.126356,0.0
2026-10-06,641,1300,89.146523,11280530722.2
2026-10-06,547,1107,150.783738,2484679038.35
2026-10-06,547,1108,174.94277,19075569277.18
2026-10-06,547,4929,1.0,0.0
2026-10-06,655,1354,46.618701,9522419944.38
2026-10-06,1840,6345,1.003911,1703417.44
2026-10-06,1840,6346,1.003967,15584159.75
2026-10-06,1840,6347,1.003892,3491888.93
2026-10-06,552,1116,114.110505,57231211204.01
2026-10-06,1713,5754,1.47716,14709121350.7
2026-10-06,711,1525,84.060327,31359151.97
2026-10-06,711,1526,3.892288,0.0
2026-10-06,1326,3784,6.747753,8171550779.69
2026-10-06,1513,4523,1.0,0.0
2026-10-06,1513,4524,2.194515,4215896572.71
2026-10-06,871,4930,1.064082,0.0
2026-10-06,871,2507,1.19459,3123072.54
2026-10-06,1500,4486,2.009296,2153015163.18
2026-10-06,1500,4487,2.009299,42725209947.17
2026-10-06,1200,3288,1.634386,0.0
2026-10-06,1200,3285,1.032091,9378477.38
2026-10-06,1200,4931,1.009426,0.0
2026-10-06,1201,4932,1.108562,223184.16
2026-10-06,1201,3289,1.829641,12495524.63
2026-10-06,1201,3290,1.496007,347468.13
2026-10-06,503,1016,56.6231,2893017355.32
2026-10-06,503,1017,75.594571,121609911289.6
2026-10-06,503,4935,1.591754,769321.95
2026-10-06,504,1018,157.316253,4639495813.67
2026-10-06,504,1019,176.056763,44290521845.67
2026-10-06,504,1020,181.909867,131012400.55
2026-10-06,504,4936,1.025273,0.0
2026-10-06,497,1002,357.434402,3457836688.84
2026-10-06,497,1003,477.472387,10805250901.94
2026-10-06,497,4927,1.0,0.0
2026-10-06,554,2000,0.044116,0.0
2026-10-06,554,1119,242.222517,18761018856.87
2026-10-06,506,1022,300.603105,2551.94
2026-10-06,506,1023,312.235004,500675839.5
2026-10-06,506,1932,0.048577,0.0
2026-10-06,506,1933,0.046695,0.0
2026-10-06,584,1182,213.390881,8466263601.44
2026-10-06,548,1109,4.504954,0.0
2026-10-06,548,1110,8.184898,4705143885.17
2026-10-06,546,1105,284.829177,887552757.11
2026-10-06,546,1106,287.722915,531907238.52
2026-10-06,546,4934,1.0,0.0
2026-10-06,576,1169,212.382933,17508689319.69
2026-10-06,1358,3882,2.076262,38260807.53
2026-10-06,1358,3883,5.459079,1907050400.23
2026-10-06,1358,3884,1.0,0.0
2026-10-06,1358,3885,1.0,0.0
2026-10-06,1614,5313,1.244056,1790107161.65
2026-10-06,1614,5314,1.235317,1131855332.83
2026-10-06,1614,5315,1.0,0.0
2026-10-06,1614,5316,1.0,0.0
2026-10-06,1614,5843,1.029241,54013883.77
2026-10-06,1351,3854,9.007824,4632780647.1
2026-10-06,1351,3855,11.778637,50503320069.0
2026-10-06,1351,3856,1.0,0.0
2026-10-06,1351,3857,1.0,0.0
2026-10-06,1351,4731,2.09222,2092.22
2026-10-06,1352,3858,7.093395,530659915.46
2026-10-06,1352,3859,7.213029,48912852608.63
2026-10-06,1352,3860,1.0,0.0
2026-10-06,1352,3861,1.0,0.0
2026-10-06,1352,4732,1.71044,1710.44
2026-10-06,1444,4242,1.029964,0.0
2026-10-06,1444,4243,1.0,0.0
2026-10-06,1444,4244,1.0,0.0
2026-10-06,1444,4245,2.157045,1259247473.43
2026-10-06,1461,4318,2.089521,4504443073.81
2026-10-06,1461,4319,2.134975,74081768671.16
2026-10-06,1461,4320,1.0,0.0
2026-10-06,1461,4321,2.23102,2231.02
2026-10-06,1461,4734,1.789652,101273.3
2026-10-06,1462,4322,1.003691,0.0
2026-10-06,1462,4323,1.295477,37960726473.11
2026-10-06,1462,4324,1.0,0.0
2026-10-06,1462,4325,1.39852,1398.52
2026-10-06,1501,4488,1.0,0.0
2026-10-06,1501,4489,1.0,0.0
2026-10-06,1501,4490,1.0,0.0
2026-10-06,1501,4491,1.815469,53194203257.05
2026-10-06,1502,4492,1.0,0.0
2026-10-06,1502,4493,1.0,0.0
2026-10-06,1502,4494,1.0,0.0
2026-10-06,1502,4496,2.415463,19089875348.85
2026-10-06,1354,3866,1.0,0.0
2026-10-06,1354,3867,1.0,0.0
2026-10-06,1354,3868,1.0,0.0
2026-10-06,1354,3869,8.626047,16291582360.81
2026-10-06,1355,3870,1.996891,0.0
2026-10-06,1355,3871,2.003046,0.0
2026-10-06,1355,3872,1.0,0.0
2026-10-06,1355,3873,3.111882,3112.01
2026-10-06,1356,3874,1.0,0.0
2026-10-06,1356,3875,1.0,0.0
2026-10-06,1356,3876,1.0,0.0
2026-10-06,1356,3877,1.006336,10768749.75
2026-10-06,1356,4735,1.0,0.0
2026-10-06,1357,3878,1.0,0.0
2026-10-06,1357,3879,1.02208,5506810.32
2026-10-06,1357,3880,1.0,0.0
2026-10-06,1357,3881,1.011235,10266142.69
2026-10-06,1357,4736,1.0,0.0
2026-10-06,1443,4238,1.0,0.0
2026-10-06,1443,4239,1.0,0.0
2026-10-06,1443,4240,1.0,0.0
2026-10-06,1443,4241,4.412239,4412.24
2026-10-06,1318,3755,1.157965,562778931.0
2026-10-06,1318,3756,4.254466,799649927.92
2026-10-06,1318,3757,7.45698,19760536938.73
2026-10-06,1350,3852,5.525162,4595180207.07
2026-10-06,1350,3853,5.649369,339143610051.53
2026-10-06,1350,4730,1.700862,8518.36
2026-10-06,1613,5309,1.016171,7297924.34
2026-10-06,1613,5310,1.016986,71891506.41
2026-10-06,1613,5311,1.01013,421474.14
2026-10-06,1613,5312,1.006202,323788.69
2026-10-06,1613,5420,1.012354,406.51
2026-10-06,1518,4540,1.0,0.0
2026-10-06,1518,4541,1.0,0.0
2026-10-06,1518,4542,1.0,0.0
2026-10-06,1518,4543,1.200938,81577791676.91
2026-10-06,1519,4544,1.0,0.0
2026-10-06,1519,4545,1.0,0.0
2026-10-06,1519,4546,1.0,0.0
2026-10-06,1519,4547,1.0,1000.0
2026-10-06,1353,3862,16.105797,2749325173.47
2026-10-06,1353,3863,16.413555,18638308452.3
2026-10-06,1353,3864,1.0,0.0
2026-10-06,1353,3865,1.0,0.0
2026-10-06,1353,4733,2.284447,298561026.62
2026-10-06,1359,3886,1.139628,55470233.74
2026-10-06,1359,3887,1.161689,60030950.03
2026-10-06,1359,3888,1.141096,1512373.81
2026-10-06,1359,3889,1.111757,408762.67
2026-10-06,1359,4616,1.142676,506101.98
2026-10-06,1520,4548,1.044615,205084.75
2026-10-06,1520,4549,1.048243,33960.51
2026-10-06,1520,4550,1.043124,559812.94
2026-10-06,1520,4551,1.046744,2660219.2
2026-10-06,1520,4617,1.032433,419898.75
2026-10-06,1666,5570,1.0,0.0
2026-10-06,1666,5571,1.0,0.0
2026-10-06,1666,5572,1.0,0.0
2026-10-06,1666,5573,1.257784,46499731103.67
2026-10-06,1727,5826,1.0,0.0
2026-10-06,1727,5827,1.0,0.0
2026-10-06,1727,5828,1.0,0.0
2026-10-06,1727,5829,1.135904,69544547114.89
2026-10-06,1728,5830,1.0,0.0
2026-10-06,1728,5831,1.0,0.0
2026-10-06,1728,5832,1.0,0.0
2026-10-06,1728,5833,1.095343,23361005354.64
2026-10-06,1729,5834,1.0,0.0
2026-10-06,1729,5835,1.0,0.0
2026-10-06,1729,5836,1.0,0.0
2026-10-06,1729,5837,1.105075,33030843931.12
2026-10-06,1895,6546,1.0,0.0
2026-10-06,1895,6547,1.0,0.0
2026-10-06,1895,6548,1.0,0.0
2026-10-06,1895,6549,1.0,1000.0
2026-10-06,1896,6550,1.0,0.0
2026-10-06,1896,6551,1.0,0.0
2026-10-06,1896,6552,1.0,0.0
2026-10-06,1896,6553,1.0,1000.0
2026-10-06,1897,6554,1.0,0.0
2026-10-06,1897,6555,1.0,0.0
2026-10-06,1897,6556,1.0,0.0
2026-10-06,1897,6557,1.0,1000.0
2026-10-06,611,1233,1.920831,0.0
2026-10-06,611,1234,190.763987,409796.04
2026-10-06,611,1464,1.879275,0.0
2026-10-06,611,1465,219.993677,7365075159.14
2026-10-06,378,1214,219.853451,2665848888.37
2026-10-06,656,1355,55.526013,110064623.43
2026-10-06,805,1356,58.28755,746845707.27
2026-10-06,378,1215,261.105381,22970399610.57
2026-10-06,378,5080,1.475104,0.0
2026-10-06,404,4780,585.161488,6817161085.59
2026-10-06,404,728,590.330941,53830733765.91
2026-10-06,884,2568,2.690692,1116043.04
2026-10-06,884,2569,0.072575,357366.17
2026-10-06,884,4765,1.495018,0.0
2026-10-06,629,1272,2.192205,6584531133.42
2026-10-06,629,1273,121.920399,51856960223.52
2026-10-06,629,4764,1.946098,36746124.8
2026-10-06,537,1084,426.30722,1500353405.07
2026-10-06,537,1085,455.077953,25052467375.24
2026-10-06,1527,4585,1.0,0.0
2026-10-06,1527,4586,1.765682,37311294686.19
2026-10-06,722,1560,1.262973,14512861.21
2026-10-06,722,1561,1.303062,14655562.41
2026-10-06,722,5081,1.12889,145532.48
2026-10-06,533,5191,108.751334,462416.89
2026-10-06,533,1079,108.751553,155648381982.12
2026-10-06,836,2374,83.911782,3141656927.15
2026-10-06,836,2375,19.877905,0.0
2026-10-06,849,2413,36.52397,20405683.39
2026-10-06,1249,3466,30.537899,48444361475.69
2026-10-06,1473,4358,1.0,0.0
2026-10-06,1473,4359,1.0,1000.0
2026-10-06,607,1227,1.0,0.0
2026-10-06,607,1228,15.921932,11205568377.44
2026-10-06,602,1221,3.115579,0.0
2026-10-06,602,1222,30.528447,21282863615.49
2026-10-06,635,1290,7.546315,0.0
2026-10-06,635,1291,6837.471727,2037093.49
2026-10-06,376,670,672.51895,207060517398.82
2026-10-06,573,1162,1.0,0.0
2026-10-06,573,1163,722429.803936,482984.78
2026-10-06,573,1462,1.0,0.0
2026-10-06,573,1463,12.112995,0.0
2026-10-06,753,1653,0.025747,54.04
2026-10-06,753,1654,0.328517,51200.27
2026-10-06,753,1655,1.0,0.0
2026-10-06,753,1656,1.0,0.0
2026-10-06,628,1268,16.412117,2376508.47
2026-10-06,628,1269,105.643761,64717876474.64
2026-10-06,628,4770,1.0,0.0
2026-10-06,1497,4470,1.0,0.0
2026-10-06,1497,4471,1.855703,2743285.51
2026-10-06,1655,5517,1.0,0.0
2026-10-06,1655,5518,1.098028,28057600.18
2026-10-06,718,1548,1.013553,0.0
2026-10-06,718,1549,0.181665,990.37
2026-10-06,718,1550,0.915409,0.0
2026-10-06,718,4763,1.025614,0.0
2026-10-06,766,1699,1.098828,0.0
2026-10-06,766,1700,1.491487,29925084.31
2026-10-06,766,1701,1.0,0.0
2026-10-06,859,2470,1.052755,2665842.83
2026-10-06,859,2471,1.149145,2535180.61
2026-10-06,859,2475,1850.885516,4746507412.33
2026-10-06,859,4768,1.056766,170839.03
2026-10-06,764,1695,1.014578,76436281.39
2026-10-06,764,1696,1.017849,378359882.03
2026-10-06,764,4766,1.027538,221264.3
2026-10-06,527,1064,313.696614,159577339.76
2026-10-06,527,1065,328.430048,335934286.39
2026-10-06,527,1460,212.793087,0.0
2026-10-06,593,1200,53.667432,22456032802.36
2026-10-06,593,1201,57.479153,542316645600.75
2026-10-06,593,4568,1.688123,4827801850.55
2026-10-06,768,1705,76.927405,331132006.01
2026-10-06,768,1706,77.376412,192737627.33
2026-10-06,1585,5169,1.062656,7638218.62
2026-10-06,1585,5170,1.072046,6869631.81
2026-10-06,1585,5271,1.048315,97493.32
2026-10-06,906,1793,1.086158,4473020.45
2026-10-06,788,1794,1.105965,16741880.34
2026-10-06,788,3251,1482.591363,0.0
2026-10-06,788,1796,1.051174,0.0
2026-10-06,788,4767,1.048474,97520.05
2026-10-06,600,1218,100.920652,2028286290.02
2026-10-06,600,1219,103.726601,6417732709.32
2026-10-06,923,1635,123.232546,8227195803.78
2026-10-06,923,1636,149.760654,100254596068.98
2026-10-06,728,1189,368.430682,811934154.1
2026-10-06,588,1190,392.380996,63331133.82
2026-10-06,1255,3484,8.325249,10933695.6
2026-10-06,1255,3485,13.75972,1311642422.63
2026-10-06,1255,3486,1.0,0.0
2026-10-06,1255,4769,1.399268,0.0
2026-10-06,798,1982,25.897336,9487859628397.81
2026-10-06,798,1984,12.510274,56964181219.69
2026-10-06,1861,6435,1.129706,464504573400.05
2026-10-06,1826,6273,1.100316,237867961.3
2026-10-06,1870,6641,1.0,0.0
2026-10-06,1826,6277,1.096263,11652001905.26
2026-10-06,1870,6278,1.019948,280455415.16
2026-10-06,1827,6281,1.089358,771951321.29
2026-10-06,1872,6642,1.0,0.0
2026-10-06,1827,6282,1.090458,2058347021.83
2026-10-06,1872,6283,1.0,0.0
2026-10-06,1829,6287,0.971419,5566013.95
2026-10-06,1874,6639,1.0,0.0
2026-10-06,1829,6288,0.971945,4213834.24
2026-10-06,1874,6289,1.0,0.0
2026-10-06,1830,6290,1.097132,1267908706.76
2026-10-06,1873,6640,1.024276,51408934.56
2026-10-06,1830,6291,1.098278,13474098177.18
2026-10-06,1830,6292,1.079427,513121385.41
2026-10-06,1625,5393,1.213199,281042791440.71
2026-10-06,1625,5394,1.165174,0.0
2026-10-06,1625,6155,1.129403,51649830391.07
2026-10-06,1804,6181,0.911322,50062877183.14
2026-10-06,1804,6183,0.914823,6360066.5
2026-10-06,1550,4771,1.048292,2323501.25
2026-10-06,1550,4772,1.049614,1513737.69
2026-10-06,1550,4773,1.0,0.0
2026-10-06,1550,5565,1.038517,11771.23
2026-10-06,1335,3812,2.074311,70209.32
2026-10-06,1335,3813,2.110581,2093786.34
2026-10-06,1335,3814,3.599491,0.0
2026-10-06,1335,3815,6.569175,0.0
2026-10-06,1335,5240,1.387978,0.0
2026-10-06,1335,5241,1.053915,1373219320.01
2026-10-06,1335,5242,1.0,0.0
2026-10-06,1335,5243,1.0,0.0
2026-10-06,1493,4453,1.247623,19682435.72
2026-10-06,1493,4454,1.247656,13611831.27
2026-10-06,1493,4455,1.0,0.0
2026-10-06,1493,4968,1.24638,1677337.88
2026-10-06,1731,5848,1.002202,1404293.13
2026-10-06,1731,5849,1.002308,1536328.16
2026-10-06,1731,5853,1.001801,1001037.26
2026-10-06,1731,5851,1.002199,423323.82
2026-10-06,1731,5852,1.002294,657790.69
2026-10-06,1731,5854,1.0,0.0
2026-10-06,1731,5855,1.0,0.0
2026-10-06,1731,5856,1.0,0.0
2026-10-06,1731,5857,1.0,0.0
2026-10-06,1731,5858,1.0,0.0
2026-10-06,1731,5859,1.0,0.0
2026-10-06,1731,5850,1.0,0.0
2026-10-06,1361,3898,15.259858,1101526036.99
2026-10-06,1361,3899,15.891508,2006858746.45
2026-10-06,1361,3900,15.259859,21233624.22
2026-10-06,1361,3901,9.829551,0.0
2026-10-06,1361,3902,1.908895,517885883.41
2026-10-06,1361,3903,7.431299,2397735561.2
2026-10-06,1361,3904,2.501288,2501288.15
2026-10-06,1361,3905,1.248,0.0
2026-10-06,1361,4970,1.042316,0.0
2026-10-06,1486,4417,1.0,0.0
2026-10-06,1486,4418,2.065887,5731790584.11
2026-10-06,1486,4419,0.990534,0.0
2026-10-06,1486,4420,1.07185,0.0
2026-10-06,1486,4421,1.669382,8076.52
2026-10-06,1486,4422,2.381841,38594030144.29
2026-10-06,1486,4423,1.0,0.0
2026-10-06,1486,4424,2.408773,6825422139.65
2026-10-06,1486,4972,1.0,0.0
2026-10-06,1551,4774,1.814319,785235995.38
2026-10-06,1551,4775,1.841684,1266827290.14
2026-10-06,1551,4776,1.0,0.0
2026-10-06,1412,4115,1.00125,0.0
2026-10-06,1412,4116,1.040539,0.0
2026-10-06,1412,4117,1.0,0.0
2026-10-06,1412,4118,3.828164,0.0
2026-10-06,1412,4119,1.03712,0.0
2026-10-06,1412,4120,5.756043,14815713417.26
2026-10-06,1412,4121,1.0,0.0
2026-10-06,1412,4122,1.0,0.0
2026-10-06,1645,5476,1.0,0.0
2026-10-06,1645,5477,0.957404,163583.55
2026-10-06,1645,5478,0.958737,1460686.11
2026-10-06,1645,5479,1.0,0.0
2026-10-06,1287,3592,8.342479,5889385257.66
2026-10-06,1287,3593,8.702764,43829978554.03
2026-10-06,1287,3594,8.330396,34401332.28
2026-10-06,1287,3595,8.928257,99765815.62
2026-10-06,1287,3596,4.210764,110817229.09
2026-10-06,1287,3597,5.849282,62679877.9
2026-10-06,1287,3598,3.068371,0.0
2026-10-06,1287,3599,1.854243,0.0
2026-10-06,1287,4150,3.008157,889729599.22
2026-10-06,1286,3584,16.767022,3670224313.93
2026-10-06,1286,3585,17.170726,7038366950.51
2026-10-06,1286,3586,16.826626,98431340.04
2026-10-06,1286,3587,17.514877,158921689.86
2026-10-06,1286,3588,3.205624,1144209080.97
2026-10-06,1286,3589,2.801179,6258591817.54
2026-10-06,1286,3590,2.322924,0.0
2026-10-06,1286,3591,1.714329,0.0
2026-10-06,1286,4969,1.80661,3409366.73
2026-10-06,1647,5483,1.0,0.0
2026-10-06,1647,5484,1.139456,113945.61
2026-10-06,1647,5485,1.0,0.0
2026-10-06,1485,4409,1.0,0.0
2026-10-06,1485,4410,1.591065,1102551931.17
2026-10-06,1485,4411,1.083151,0.0
2026-10-06,1485,4412,1.68509,4767412823.22
2026-10-06,1485,4413,1.0,0.0
2026-10-06,1485,4414,1.0,0.0
2026-10-06,1485,4415,1.0,0.0
2026-10-06,1485,4416,1.0,0.0
2026-10-06,1488,4433,2.541707,7691369332.5
2026-10-06,1488,4434,2.564969,26984953588.78
2026-10-06,1488,4435,2.547097,628154894.9
2026-10-06,1488,4436,2.582632,1776904427.79
2026-10-06,1488,4437,2.335356,2054270864.28
2026-10-06,1488,4438,2.545513,1810040422.75
2026-10-06,1488,4439,2.522557,281965168.98
2026-10-06,1488,4440,1.449275,0.05
2026-10-06,1488,4971,1.266969,2357802.99
2026-10-06,1496,4462,1.192395,3449194.1
2026-10-06,1496,4463,1.961688,1256205514.88
2026-10-06,1496,4464,1.080545,0.0
2026-10-06,1496,4465,2.031149,2031148638.14
2026-10-06,1496,4466,1.0,0.0
2026-10-06,1496,4467,1.418566,0.0
2026-10-06,1496,4468,1.0,0.0
2026-10-06,1496,4469,1.0,0.0
2026-10-06,1325,3775,1.362573,1591315.36
2026-10-06,1325,3776,1.899669,0.0
2026-10-06,1325,3777,8.117065,0.0
2026-10-06,1325,3778,15.968621,5528665.54
2026-10-06,1325,4168,1.0,0.0
2026-10-06,1325,4169,1.08133,817259208.38
2026-10-06,1325,4170,1.0,0.0
2026-10-06,1325,4171,6.953108,1394666330.4
2026-10-06,1598,5256,1.7395,1739.5
2026-10-06,1598,5257,1.738276,18185874507.66
2026-10-06,1598,5258,1.38255,0.0
2026-10-06,1494,4456,1.330668,111760.21
2026-10-06,1494,4457,1.321349,4493677.12
2026-10-06,1494,4458,1.025541,0.0
2026-10-06,1494,4967,1.3067,0.0
2026-10-06,1487,4425,1.115833,8960616.27
2026-10-06,1487,4426,1.625599,95610801.58
2026-10-06,1487,4427,1.076669,0.0
2026-10-06,1487,4428,1.917386,2300863280.08
2026-10-06,1487,4429,1.0,0.0
2026-10-06,1487,4430,1.0,0.0
2026-10-06,1487,4431,1.0,0.0
2026-10-06,1487,4432,1.0,0.0
2026-10-06,1484,4401,1.932693,15514507802.23
2026-10-06,1484,4402,1.517293,0.0
2026-10-06,1484,4403,1.877902,0.0
2026-10-06,1484,4404,1.0,0.0
2026-10-06,1484,4405,1.0,0.0
2026-10-06,1484,4406,1.0,0.0
2026-10-06,1484,4407,1.0,0.0
2026-10-06,1484,4408,1.0,0.0
2026-10-06,1688,5631,1.062661,9092477193.92
2026-10-06,1688,5632,1.073969,196372337.25
2026-10-06,1688,5633,1.0,0.0
2026-10-06,1688,5634,1.000659,1000658820.82
2026-10-06,1646,5480,1.233948,1917730581.85
2026-10-06,1646,5481,1.235436,656432927.61
2026-10-06,1646,5482,1.152974,4675257959.22
2026-10-06,1360,3890,10.221687,72826630.27
2026-10-06,1360,3891,10.59996,1730004449.19
2026-10-06,1360,3892,10.221756,9384857.92
2026-10-06,1360,3893,10.3636,0.0
2026-10-06,1360,3894,1.105098,0.0
2026-10-06,1360,3895,4.159105,6340152882.0
2026-10-06,1360,3896,1.0,0.0
2026-10-06,1360,3897,3.166869,0.0
2026-10-06,1278,3558,2.808448,0.0
2026-10-06,1278,3559,0.894314,69463656333.96
2026-10-06,1278,3560,1.0,0.0
2026-10-06,1715,5768,1.0,0.0
2026-10-06,1715,5769,1.243518,149187091918.54
2026-10-06,1715,5770,1.0,0.0
2026-10-06,1726,5822,1.0,0.0
2026-10-06,1726,5823,1.228384,50603766262.72
2026-10-06,1726,5824,1.0,0.0
2026-10-06,1726,5825,1.0,0.0
2026-10-06,1743,5889,1.0,0.0
2026-10-06,1743,5890,1.046765,18896883.15
2026-10-06,1743,5891,1.0,0.0
2026-10-06,1743,5892,1.0,0.0
2026-10-06,1796,5893,1.0,0.0
2026-10-06,1796,5894,0.998837,9988.37
2026-10-06,1194,3237,16.255155,29121.93
2026-10-06,1194,3238,18.222444,0.0
2026-10-06,1194,3239,1.023046,0.0
2026-10-06,1194,3240,1.0,0.0
2026-10-06,1425,4163,4.571186,1680128563.25
2026-10-06,266,266,1249.636442,28641318.97
2026-10-06,266,321,1249.636442,0.0
2026-10-06,229,229,733.008505,32205936507.21
2026-10-06,458,879,299.551212,5784666851.1
2026-10-06,348,581,1478.245735,58064214437.63
2026-10-06,399,2312,819.047234,17494444.4
2026-10-06,660,1363,13.938401,1991183847.06
2026-10-06,660,1364,116.006736,4072227634.99
2026-10-06,660,2309,2.219672,0.0
2026-10-06,398,2124,202.2784,16787.57
2026-10-06,445,843,64.196671,4555462492.67
2026-10-06,368,657,74.917136,35635201291.49
2026-10-06,397,720,17.380267,5991529045.7
2026-10-06,606,1226,1631.921035,4308632706.68
2026-10-06,1604,5277,1.623442,256663405.74
2026-10-06,1604,5278,1.636074,2595039364.73
2026-10-06,1730,5838,1.060995,5724162.16
2026-10-06,1730,5839,1.068484,1303849.1
2026-10-06,1730,5840,1.0,0.0
2026-10-06,1862,6436,0.998979,3291321.31
2026-10-06,1862,6437,0.999988,50195.33
2026-10-06,1698,5671,1.088174,240353.06
2026-10-06,1698,5672,1.092273,215403419.16
2026-10-06,1698,5673,1.0,0.0
2026-10-06,1560,5003,1.122183,160075399.99
2026-10-06,1560,5004,1.133689,5766949.62
2026-10-06,1560,5005,1.149998,0.0
2026-10-06,1693,5654,1.714484,22106759860.04
2026-10-06,1693,5655,1.653377,18210993547.94
2026-10-06,1606,5285,1.596823,36019.5
2026-10-06,1606,5286,1.595122,19146900988.34
2026-10-06,1606,5287,1.0,0.0
2026-10-06,1695,5659,1.066069,34928.92
2026-10-06,1695,5660,1.532367,13356639036.91
2026-10-06,1695,5661,1.0,0.0
2026-10-06,1697,5668,1.0,1000.0
2026-10-06,1697,5669,1.0,1000.0
2026-10-06,1697,5670,1.0,0.0
2026-10-06,1748,5904,1.050743,10587.39
2026-10-06,1748,5906,1.053552,3043964.95
2026-10-06,1748,5907,1.0,0.0
2026-10-06,1798,6152,0.307671,49863.57
2026-10-06,1798,6153,1.102721,266171492.43
2026-10-06,1798,6154,1.0,0.0
2026-10-06,1863,6438,0.99926,0.0
2026-10-06,1863,6439,1.089776,4199065431.59
2026-10-06,1863,6440,1.0,0.0
2026-10-06,1915,6615,1.05527,1055.27
2026-10-06,1915,6616,1.055049,8292900558.22
2026-10-06,1915,6617,1.0,0.0
2026-10-06,1571,5108,1.053519,19339337.96
2026-10-06,1571,5109,1.062438,5414514.79
2026-10-06,1571,5110,1.063148,0.0
2026-10-06,1789,6102,1.132771,2426730.35
2026-10-06,1789,6103,1.132917,4609.05
2026-10-06,1794,6138,1.006,100.6
2026-10-06,1794,6139,1.006,100.6
2026-10-06,1794,6140,1.0,0.0
2026-10-06,1794,6141,1.0,0.0
2026-10-06,1572,5111,1.140373,10091941.99
2026-10-06,1572,5112,1.15167,8175119.89
2026-10-06,1572,5113,1.156677,0.0
2026-10-06,1605,5281,1.038364,7134382.27
2026-10-06,1605,5282,1.040902,4343503.75
2026-10-06,1605,5283,1.044938,0.0
2026-10-06,1608,5293,1.112038,8512206.45
2026-10-06,1608,5294,1.118164,8102632.94
2026-10-06,1608,5295,1.116018,289603.2
2026-10-06,1607,5289,1.590467,5165256015.2
2026-10-06,1607,5290,1.602791,1803045661.18
2026-10-06,1607,5291,1.0,0.0
2026-10-06,1699,5674,1.158891,233315128.37
2026-10-06,1699,5675,1.162051,2229070896.0
2026-10-06,1561,5006,1.634827,1225612322.62
2026-10-06,1561,5007,1.67979,20542940276.51
2026-10-06,1561,5008,1.0,0.0
2026-10-06,1561,5009,1.0,0.0
2026-10-06,1609,5297,1.325456,212491.13
2026-10-06,1609,5298,1.458365,4282219482.46
2026-10-06,1609,5299,1.0,0.0
2026-10-06,1562,5010,1.983792,4863134282.93
2026-10-06,1562,5011,2.004139,26554741013.78
2026-10-06,1562,5012,1.546644,0.0
2026-10-06,118,118,134.233296,26394751184.15
2026-10-06,118,635,140.649951,5853330385.39
2026-10-06,529,1067,134.078811,5119723800.38
2026-10-06,529,1068,71.283678,1111244913.78
2026-10-06,559,1130,184.075465,11768117763.0
2026-10-06,559,1131,233.497461,338340263365.0
2026-10-06,559,4881,1.0,0.0
2026-10-06,564,1144,1.129332,0.0
2026-10-06,564,1145,205.669317,363540378635.67
2026-10-06,485,961,109.004868,71162255399.86
2026-10-06,339,521,193.208633,7672388437.66
2026-10-06,339,632,204.702341,6899771408.77
2026-10-06,1714,5763,1.299972,93.59
2026-10-06,1714,5764,1.002011,0.0
2026-10-06,1714,5765,1.119987,117638200721.05
2026-10-06,1714,5766,1.0,0.0
2026-10-06,1714,5767,1.0,0.0
2026-10-06,1602,5268,1.017554,1050353.71
2026-10-06,1602,5269,1.01849,40017105.64
2026-10-06,1602,5270,1.013668,0.0
2026-10-06,1208,3340,21.144666,4562564263.06
2026-10-06,1208,3341,22.567901,50310943119.87
2026-10-06,1208,3342,22.306133,52873899391.65
2026-10-06,1208,4880,1.0,0.0
2026-10-06,121,121,7.266797,62465187.25
2026-10-06,770,1732,2.280203,1066264.26
2026-10-06,770,1733,2.304872,5669530.47
2026-10-06,770,1734,2.324856,1975436.18
2026-10-06,770,3365,1.462603,916809.81
2026-10-06,1907,6590,1.0,0.0
2026-10-06,1907,6591,1.01484,363236.04
2026-10-06,271,271,41.764067,39750868290.6
2026-10-06,271,633,43.229529,316649669741.56
2026-10-06,524,1058,322.196511,11903966235.55
2026-10-06,524,1059,375.463233,23104541672.81
2026-10-06,1270,3537,16.434955,10737640040.42
2026-10-06,1270,3538,21.254133,241468942999.49
2026-10-06,1329,3794,11.687787,68912635.75
2026-10-06,1329,3795,12.059332,86835784578.09
2026-10-06,119,119,408.990528,22459139664.14
2026-10-06,119,634,432.585366,8398965770.08
2026-10-06,591,1196,218.690148,88245849287.7
2026-10-06,591,4882,1.657437,0.0
2026-10-06,120,120,26.339397,188710871672.4
2026-10-06,120,631,27.312163,1991093378986.8
2026-10-06,120,4879,1.746269,100251425.12
2026-10-06,772,1736,79.416718,3043785052.0
2026-10-06,772,1737,88.208763,17671357420.31
2026-10-06,1268,3528,21.212922,322287170.36
2026-10-06,1268,3529,26.664665,17868009703.05
2026-10-06,1417,6655,1.0,100000.0
2026-10-06,39,39,1530.052485,28708907118.69
2026-10-06,39,6174,1545.448466,13486972533.87
2026-10-06,15,678,310.179755,3596035166.89
2026-10-06,15,15,398.020342,2059168710.75
2026-10-06,1556,4895,0.958189,0.0
2026-10-06,1556,4896,1.003582,0.0
2026-10-06,1556,4897,1.083526,65096607.39
2026-10-06,1556,6228,0.977891,28271103.75
2026-10-06,1556,6229,1.003582,0.0
2026-10-06,677,1419,1.115088,85646090.05
2026-10-06,677,1420,1.126005,24730180.32
2026-10-06,677,1421,0.994199,2422713.3
2026-10-06,677,6230,1.116388,70.36
2026-10-06,677,6231,1.124103,7432727.87
2026-10-06,822,2300,1.0,0.0
2026-10-06,822,2301,69.867294,28761179521.39
2026-10-06,822,2302,1.0,0.0
2026-10-06,1242,3446,2.166938,5719579668.26
2026-10-06,1242,3447,23.240527,23130963333.27
2026-10-06,1242,3448,2.20047,495552917.62
2026-10-06,1376,3955,4.573708,0.0
2026-10-06,1376,3956,12.861004,33414376233.28
2026-10-06,1376,3957,1.0,0.0
2026-10-06,1345,3836,1.0,0.0
2026-10-06,1345,3837,15.785029,159491004062.24
2026-10-06,1345,3838,1.0,0.0
2026-10-06,1648,5486,1.002116,12105328.98
2026-10-06,1648,5487,1.057548,46486280.88
2026-10-06,1648,5488,1.0,0.0
2026-10-06,1648,6324,1.002835,20845.14
2026-10-06,1648,6325,1.065914,0.0
2026-10-06,1690,5637,1.0,0.0
2026-10-06,1690,5638,1.003946,26661222.88
2026-10-06,1690,5639,1.0,0.0
2026-10-06,1690,6326,1.0,0.0
2026-10-06,1690,6327,1.009249,0.0
2026-10-06,1846,6368,1.0,0.0
2026-10-06,1846,6369,0.993686,13874335.65
2026-10-06,1846,6370,1.0,0.0
2026-10-06,1846,6371,1.0,0.0
2026-10-06,1846,6372,0.994723,2110972.01
2026-10-06,528,1066,76.391951,21856606285.38
2026-10-06,528,4256,79.97685,10815837409.14
2026-10-06,431,810,270.936971,17683905851.19
2026-10-06,431,6171,271.760118,40899639383.3
2026-10-06,1221,3382,1.0,0.0
2026-10-06,1221,3383,41.405069,121360113945.89
2026-10-06,1221,3384,1.0,0.0
2026-10-06,1803,6175,1.0,0.0
2026-10-06,1803,6176,1.115742,151197189220.17
2026-10-06,1803,6177,1.0,0.0
2026-10-06,1803,6178,1.0,0.0
2026-10-06,1911,6600,1.0,100000.0
2026-10-06,1911,6601,1.0,0.0
2026-10-06,1911,6602,1.0,0.0
2026-10-06,1377,3958,5.949648,1873267325.24
2026-10-06,1377,3959,6.296206,2479887964.25
2026-10-06,1377,3960,1.0,0.0
2026-10-06,1415,6636,1.038422,43804175508.68
2026-10-06,1878,6495,0.991519,950277.69
2026-10-06,1878,6496,0.991518,1230341.5
2026-10-06,1878,6497,1.0,0.0
2026-10-06,1557,4898,1.0,0.0
2026-10-06,1557,4899,1.151006,17668717.77
2026-10-06,1557,4900,1.0,0.0
2026-10-06,1557,5933,1.0,0.0
2026-10-06,1557,6165,1.151007,5120614.08
2026-10-06,1575,5121,1.0,0.0
2026-10-06,1575,5122,1.705786,20373899267.05
2026-10-06,1575,5123,1.0,0.0
2026-10-06,1554,4850,1.020133,230156012.74
2026-10-06,1554,4851,1.021259,379409361.73
2026-10-06,1554,4852,1.020133,9425529.18
2026-10-06,1554,6136,1.020096,23926.79
2026-10-06,1554,6137,1.021221,6872760.67
2026-10-06,1409,4107,1.813643,22759864981.23
2026-10-06,1418,6656,1.0,100000.0
2026-10-06,1466,4334,2.157681,23303661101.98
2026-10-06,1466,4335,2.186333,77306415040.03
2026-10-06,1466,4336,1.892181,416000544.39
2026-10-06,596,1209,1.0,5000.0
2026-10-06,790,1817,1.0,5000.0
2026-10-06,790,1954,1.0,0.0
2026-10-06,1303,3703,1.0,5000.0
2026-10-06,346,578,100.554373,145337539966.2
2026-10-06,346,3324,107.848617,311123128622.43
2026-10-06,346,3325,7.821332,0.0
2026-10-06,536,1083,59.572227,492390558602.93
2026-10-06,536,3327,63.853484,2538365317370.31
2026-10-06,536,3328,8.171752,2010472423.83
2026-10-06,1417,4139,2.715079,1621751676.04
2026-10-06,1417,4140,2.764455,3360498871.47
2026-10-06,1417,4141,1.0,0.0
2026-10-06,101,101,1810.153054,22425308254.19
2026-10-06,101,5844,1816.066162,29161969224.15
2026-10-06,101,5845,1.0,0.0
2026-10-06,403,727,314.545953,46310578382.76
2026-10-06,403,3252,326.70844,251754285692.91
2026-10-06,403,3253,18.713325,0.0
2026-10-06,652,2650,21.381242,9504547194.34
2026-10-06,652,1343,92.49713,65496723652.4
2026-10-06,652,2651,1.118951,52282508.57
2026-10-06,652,6170,1.0,0.0
2026-10-06,1274,3547,14.876824,36935948914.65
2026-10-06,1274,3548,15.286283,95475734883.98
2026-10-06,1274,3549,1.0,0.0
2026-10-06,1366,3916,1.271821,23627356.88
2026-10-06,1366,3917,1.291885,5611958.92
2026-10-06,1366,4810,1.090374,956343.1
2026-10-06,1366,6179,1.247769,0.0
2026-10-06,1366,6180,1.290936,217541.24
2026-10-06,738,1609,1.220226,20761517.59
2026-10-06,738,1610,1.242659,11416501.0
2026-10-06,738,4812,1.040451,1277058.11
2026-10-06,738,6162,1.206857,0.0
2026-10-06,738,6163,1.231078,0.0
2026-10-06,1214,3362,1.899463,12503965.97
2026-10-06,1214,3363,1.935543,550137.13
2026-10-06,1214,3364,1.561357,0.0
2026-10-06,1214,4811,1.356383,0.0
2026-10-06,812,2202,2.752065,0.0
2026-10-06,812,2203,74.88069,46181983531.81
2026-10-06,812,2204,1.0,0.0
2026-10-06,680,1426,2.094075,31697146.74
2026-10-06,680,1427,2.192917,5555732.86
2026-10-06,680,1428,1.466291,2172757.32
2026-10-06,680,5931,1.991139,0.0
2026-10-06,680,5932,1.970045,0.0
2026-10-06,650,1341,192.532009,11876838914.61
2026-10-06,650,1661,159.677976,9630050864.96
2026-10-06,650,1662,1.925198,167644044.57
2026-10-06,343,677,346.357268,12497308996.47
2026-10-06,343,565,114.0458,18578364854.22
2026-10-06,1344,3833,2.300029,29192999312.55
2026-10-06,1344,3834,9.9103,0.0
2026-10-06,1344,3835,1.0,0.0
2026-10-06,765,1697,117.37382,2231688040.73
2026-10-06,828,1698,129.238924,1008749739.47
2026-10-06,765,2200,1.612907,17184.1
2026-10-06,765,2201,0.840772,0.0
2026-10-06,1372,6672,1.0,0.0
2026-10-06,1408,4106,1.663611,1276797539.93
2026-10-06,463,908,133.782577,17981933273.7
2026-10-06,463,907,90.293372,233157388.69
2026-10-06,463,2143,1.0,0.0
2026-10-06,586,1186,203.797653,8972426058.16
2026-10-06,586,1187,186.831193,24547968478.09
2026-10-06,586,2144,4.084248,0.0
2026-10-06,525,1060,514.554382,3053012275.89
2026-10-06,525,1061,460.315156,8290445358.99
2026-10-06,525,2159,1.0,0.0
2026-10-06,1691,5640,1.015112,21430046.91
2026-10-06,1691,5641,1.014189,10969648.48
2026-10-06,1691,5642,1.0,0.0
2026-10-06,1691,5643,1.015043,70775.99
2026-10-06,1323,3768,31.253147,11834979112.75
2026-10-06,1323,3769,1.0,0.0
2026-10-06,1323,3770,1.0,0.0
2026-10-06,867,2494,1.105768,0.0
2026-10-06,867,2495,0.608453,34613.71
2026-10-06,867,2496,1.0,0.0
2026-10-06,661,1365,16.246901,221053332.68
2026-10-06,661,1366,1.0,0.0
2026-10-06,661,2146,1.0,0.0
2026-10-06,794,1856,1.794501,2476044.78
2026-10-06,794,1857,1.763391,22089874.94
2026-10-06,794,1858,1.0,0.0
2026-10-06,794,5014,1.493454,1506427.0
2026-10-06,225,225,189.686589,410153059752.5
2026-10-06,225,781,168.60727,36120368296.14
2026-10-06,225,2138,26.10662,581998923372.09
2026-10-06,225,4005,5.369097,51012698.12
2026-10-06,282,282,978.895407,86118303316.54
2026-10-06,282,785,883.244226,68544258481.78
2026-10-06,282,2139,27.767332,92379355753.81
2026-10-06,282,5013,1.964625,93424125.8
2026-10-06,180,180,598.162925,19759747.31
2026-10-06,180,780,509.945558,429814017.37
2026-10-06,180,2140,5.573001,0.0
2026-10-06,810,2148,73.558214,7362110814.48
2026-10-06,810,2149,55.983737,4905839372.4
2026-10-06,810,2150,6.617192,2.14
2026-10-06,699,1493,1.063913,1925320.53
2026-10-06,699,1494,1.032962,6596920.69
2026-10-06,699,2147,0.836647,0.0
2026-10-06,699,5082,1.097455,731883.6
2026-10-06,395,717,199.580637,2009003455.8
2026-10-06,395,783,186.385133,3749082584.29
2026-10-06,395,2142,1.436089,0.0
2026-10-06,227,227,1446.946496,4212451834.52
2026-10-06,227,784,1238.834269,7339571641.35
2026-10-06,227,2141,1.0,0.0
2026-10-06,1418,4142,4.632854,521394696.97
2026-10-06,1418,4143,4.534254,271343388.21
2026-10-06,1418,4144,1.0,0.0
2026-10-06,424,787,79.057646,544419504.21
2026-10-06,1947,6649,0.971729,97172.9
2026-10-06,1947,6650,0.973079,78012706.37
2026-10-06,1908,6592,1.047543,250415843.66
2026-10-06,1908,6593,1.048338,10083710075.29
2026-10-06,1909,6595,1.001024,2306395.85
2026-10-06,1909,6596,1.001137,8769907.64
2026-10-06,1890,6530,1.045307,2673781368.68
2026-10-06,1890,6531,1.048792,65627236231.95
2026-10-06,1950,6667,1.0,1000.0
2026-10-06,1987,6657,1.033939,56094023232.17
2026-10-06,1988,6663,1.001952,25058.2
2026-10-06,1989,6662,1.069981,17576446230.83
2026-10-06,1993,6671,1.0,10000.0
2026-10-06,1946,6652,1.045144,96650660.36
2026-10-06,1946,6653,1.046013,9894295977.86
2026-10-06,1261,3501,9.298882,0.0
2026-10-06,1261,3502,9.298882,340160746.95
2026-10-06,1261,3503,10.032979,182901491.0
2026-10-06,496,1000,213.546008,1639949298.83
2026-10-06,496,1001,206.994175,732285580.08
2026-10-06,496,4835,213.949813,40712.36
2026-10-06,450,861,1.866728,4516165.14
2026-10-06,450,862,1.769107,2613473.89
2026-10-06,450,4834,1.869841,116847.05
2026-10-06,1393,4032,4.100346,119571940.15
2026-10-06,1393,4033,4.22252,5153247825.54
2026-10-06,1393,4034,1.0,0.0
2026-10-06,1801,6168,1.005548,773567.95
2026-10-06,1801,6169,1.005461,862102.55
2026-10-06,1801,6254,1.0,0.0
2026-10-06,1986,6643,1.018143,0.0
2026-10-06,1986,6644,1.020427,5342204190.46
2026-10-06,1986,6645,1.0,0.0
2026-10-06,476,941,43.432762,760588911.22
2026-10-06,476,942,39.387436,557201855.41
2026-10-06,1306,3710,6.566047,0.0
2026-10-06,1306,3711,6.700462,52260293.32
2026-10-06,1306,3712,6.819074,0.0
2026-10-06,1490,4444,1.925137,534641118.96
2026-10-06,1490,4445,2.06753,564487216.23
2026-10-06,1490,4446,1.0,0.0
2026-10-06,1490,4833,1.238878,0.0
2026-10-06,448,857,428.390042,5898248537.68
2026-10-06,448,858,403.373721,1794118254.02
2026-10-06,508,1026,35.590106,3836963.41
2026-10-06,508,1027,105.878409,40078862154.24
2026-10-06,508,4991,1.0,0.0
2026-10-06,436,820,1536.758877,17247318289.5
2026-10-06,436,821,1764.820083,20436964941.87
2026-10-06,436,4985,1.597562,82413497.47
2026-10-06,1424,4161,1.782123,6203795341.74
2026-10-06,1424,4162,6.164182,1824263244.83
2026-10-06,1424,5089,1.788193,217000887.93
2026-10-06,443,839,158.65169,27468151659.65
2026-10-06,443,840,179.269214,119309821770.59
2026-10-06,443,3295,9.551787,28374144124.57
2026-10-06,443,3296,9.670114,127210558975.35
2026-10-06,468,919,146.190871,5182292888.97
2026-10-06,468,920,156.086796,37492754920.51
2026-10-06,468,4987,1.0,0.0
2026-10-06,619,1248,85.825037,789770363.02
2026-10-06,619,1249,92.387352,4366673652.65
2026-10-06,619,4988,1.0,0.0
2026-10-06,509,1028,80.166472,126364624.0
2026-10-06,509,1029,309.272368,41155650402.44
2026-10-06,509,4986,1.0,0.0
2026-10-06,1990,6685,1.041481,20675842288.21
2026-10-06,702,1501,0.908526,179085627.46
2026-10-06,702,1502,0.906529,414965.91
2026-10-06,702,5085,1.019802,0.0
2026-10-06,471,926,58.173675,2100389246.42
2026-10-06,471,927,61.998068,1725223944.87
2026-10-06,471,4984,1.061195,0.0
2026-10-06,470,924,42.300074,39412399014.73
2026-10-06,470,925,44.185942,59910110809.61
2026-10-06,470,4989,1.922191,1510790.22
2026-10-06,1588,5192,1.024672,1584659.69
2026-10-06,1588,5193,1.024721,27415358.42
2026-10-06,1588,5244,1.021352,1950.94
2026-10-06,877,2527,1.0,0.0
2026-10-06,877,2529,94.6409,15332549750.76
2026-10-06,877,5084,1.0,0.0
2026-10-06,799,1986,1.0,0.0
2026-10-06,799,1987,46.623878,40823845536.78
2026-10-06,799,5088,1.0,0.0
2026-10-06,878,2530,1.0,0.0
2026-10-06,878,2532,13.206368,11714589841.17
2026-10-06,878,5083,1.0,0.0
2026-10-06,1601,5266,1.0,0.0
2026-10-06,1601,5267,1.820626,25616704365.02
2026-10-06,701,1498,3.017925,0.0
2026-10-06,701,1499,43.742351,7037981355.85
2026-10-06,701,5086,1.0,0.0
2026-10-06,1747,5902,1.0,0.0
2026-10-06,1747,5903,1.089396,52915952809.18
2026-10-06,1309,3721,4.78926,4789.26
2026-10-06,1309,3722,5.246385,4136253555.33
2026-10-06,1309,5087,1.0,0.0
2026-10-06,1312,3734,10.809587,2564465147.9
2026-10-06,1312,3735,11.386752,28943746461.61
2026-10-06,1312,5094,1.0,0.0
2026-10-06,1739,5874,1.0,0.0
2026-10-06,1739,5875,1.437412,46099207376.15
2026-10-06,507,1024,56.88723,2394300788.52
2026-10-06,507,1025,62.735437,6468253365.97
2026-10-06,507,4990,1.814748,793906.01
2026-10-06,620,1251,1.0,0.0
2026-10-06,620,1252,134.143236,66165272667.05
2026-10-06,620,4992,1.0,0.0
2026-10-06,624,1259,1.38257,41639125.71
2026-10-06,624,1260,1.460849,41923521.23
2026-10-06,624,4993,1.125882,856046.9
2026-10-06,623,1257,1.433377,5034436.01
2026-10-06,623,1258,1.487863,21200330.69
2026-10-06,623,4994,1.072332,189794.19
2026-10-06,1237,3430,12.021379,100175614808.73
2026-10-06,1237,3432,14.661917,72365216128.4
2026-10-06,1237,5090,1.0,0.0
2026-10-06,1419,4145,1.0,0.0
2026-10-06,1419,4146,1.042218,9466270.25
2026-10-06,1419,5091,1.0,0.0
2026-10-06,1689,5636,1.081188,20193935.66
2026-10-06,438,830,1523.25203,23906620686.11
2026-10-06,438,831,1706.669864,36872430838.68
2026-10-06,438,4995,1.010012,0.0
2026-10-06,1504,4499,1.606422,17589.14
2026-10-06,1504,4500,1.651599,16515986.15
2026-10-06,522,1055,546.274643,3659147165.28
2026-10-06,522,1056,597.025394,3522538818.57
2026-10-06,522,4996,1.11382,0.0
2026-10-06,549,1111,74.36718,10610756464.67
2026-10-06,523,1057,511.623586,120329106221.41
2026-10-06,199,199,1132.046245,807470097.23
2026-10-06,147,147,3688.477359,5015574151.53
2026-10-06,334,385,896.174223,1052868728.22
2026-10-06,143,1719,960.316627,3483362657.58
2026-10-06,143,143,1034.431213,54162677753.88
2026-10-06,143,1720,1019.573401,14130108910.61
2026-10-06,143,1721,582.562762,0.0
2026-10-06,143,4890,1.0,0.0
2026-10-06,692,1469,1.0,0.0
2026-10-06,692,1470,155.054211,28537840236.69
2026-10-06,692,1471,1.0,0.0
2026-10-06,335,1708,1.764145,0.0
2026-10-06,335,386,225.12322,213650399936.55
2026-10-06,335,1709,1.764145,0.0
2026-10-06,335,2559,0.145926,4450401.37
2026-10-06,285,1710,24.139747,0.0
2026-10-06,285,285,540.427138,10142210578.33
2026-10-06,285,1711,8.874955,0.0
2026-10-06,1555,4892,1.0,0.0
2026-10-06,1555,4893,2.094318,78102999488.59
2026-10-06,1555,4894,1.0,0.0
2026-10-06,1573,5114,1.083049,0.0
2026-10-06,1573,5115,1.537175,3074.35
2026-10-06,1573,5116,1.0,0.0
2026-10-06,1574,5118,1.777826,2874281132.77
2026-10-06,1574,5119,1.833721,15439383328.84
2026-10-06,1574,5120,1.0,0.0
2026-10-06,464,1722,0.405765,0.0
2026-10-06,464,911,15.151301,157778425061.2
2026-10-06,464,912,15.603271,22251067021.99
2026-10-06,464,1723,15.948066,15989959874.12
2026-10-06,833,2363,1.133067,16862570.12
2026-10-06,833,2364,1.1951,116082601.46
2026-10-06,833,2365,1.0,0.0
2026-10-06,833,2366,1.0,0.0
2026-10-06,833,2367,1.189728,27001121.34
2026-10-06,833,4885,1.03209,2641316.47
2026-10-06,356,1724,57.263253,44710116979.58
2026-10-06,356,600,66.124873,182784663645.63
2026-10-06,356,826,0.603649,0.0
2026-10-06,356,1725,70.116152,128432336912.83
2026-10-06,356,4884,1.348247,0.0
2026-10-06,1343,3830,6.941755,1396630001.84
2026-10-06,1343,3831,7.395816,144584001468.07
2026-10-06,1343,4883,1.656596,3109259.15
2026-10-06,1879,6498,1.000728,326191.5
2026-10-06,1879,6499,1.003517,39038047.76
2026-10-06,1879,6500,1.0,0.0
2026-10-06,1879,6501,1.0,0.0
2026-10-06,688,1452,1.0,0.0
2026-10-06,688,1453,167.963297,36821935339.1
2026-10-06,688,1454,1.0,0.0
2026-10-06,1439,4227,2.696847,3773.76
2026-10-06,1439,4228,1.077128,120885242953.47
2026-10-06,610,1679,1.201003,0.0
2026-10-06,610,1232,45.731015,237438.73
2026-10-06,610,1680,1.046401,0.0
2026-10-06,610,1681,1.065759,0.0
2026-10-06,48,1717,0.662587,0.0
2026-10-06,48,48,80.851374,3303971017.29
2026-10-06,48,829,0.662587,0.0
2026-10-06,488,1674,0.482318,0.0
2026-10-06,488,966,56.494809,121115870002.17
2026-10-06,488,1675,0.482318,0.0
2026-10-06,1292,3616,16.849784,266174.39
2026-10-06,1292,3617,16.849848,60008282048.11
2026-10-06,1277,3556,23.671905,47343.81
2026-10-06,515,1712,0.515736,0.0
2026-10-06,515,1039,58.932148,83006323835.03
2026-10-06,515,3733,0.038198,170457.21
2026-10-06,515,1713,0.515736,0.0
2026-10-06,587,1714,2.560484,0.0
2026-10-06,587,1188,2378.903476,18895.44
2026-10-06,587,1715,2.560484,0.0
2026-10-06,1195,3260,3645.965788,9648469401.86
2026-10-06,1195,3265,3754.005578,40890788905.7
2026-10-06,1195,4889,1.763654,0.0
2026-10-06,609,1676,132.81247,24288708488.16
2026-10-06,609,1231,144.614588,395725971935.18
2026-10-06,609,1677,1.692373,0.0
2026-10-06,609,1678,1.773113,0.0
2026-10-06,609,4888,2.12388,8242166.38
2026-10-06,142,1726,923.015481,1208272830.4
2026-10-06,142,142,1011.491302,38078643450.99
2026-10-06,142,1727,987.128493,6558346124.5
2026-10-06,142,1728,1047.275805,27896282488.84
2026-10-06,142,4891,1.233105,26067588.4
2026-10-06,555,1716,7.491664,0.0
2026-10-06,555,1120,3202.161429,46043915471.39
2026-10-06,555,1718,7.491664,0.0
2026-10-06,555,2199,0.027081,0.0
2026-10-06,682,1436,1.733286,51154169.23
2026-10-06,682,1437,1.811343,53722707.06
2026-10-06,682,1438,1.0,0.0
2026-10-06,682,4886,1.158434,1067800.83
2026-10-06,1404,4087,1.03853,33060207.12
2026-10-06,1404,4088,1.043744,183551574.75
2026-10-06,1404,4887,1.035839,266875.38
2026-10-06,752,1650,0.390907,0.0
2026-10-06,752,1651,0.398001,21864087.37
2026-10-06,752,1652,1.0,0.0
2026-10-06,860,2481,60.439918,32838064092.45
2026-10-06,1250,3467,21.700382,979437033.55
2026-10-06,1250,3468,21.111801,2239829348.81
2026-10-06,1250,3469,21.716729,998820496.05
2026-10-06,1910,6598,0.984321,3170821.67
2026-10-06,1910,6599,0.98485,2568620.27
2026-10-06,151,151,20.167484,2281095369902.27
2026-10-06,151,298,24.492565,2259597967058.17
2026-10-06,151,3256,14.42678,14783371561.48
2026-10-06,151,3254,15.306954,1066390099812.67
2026-10-06,151,3255,15.967851,1302902084.03
2026-10-06,151,6298,1.116348,47312122214.5
2026-10-06,519,1048,661.846565,1487791759090.54
2026-10-06,519,1049,742.46209,158204593703.55
2026-10-06,519,3259,16.703992,6273939347.69
2026-10-06,519,3257,18.143341,100410747865.3
2026-10-06,519,3258,18.556903,0.0
2026-10-06,152,401,0.041046,898874.94
2026-10-06,152,402,0.04249,29099.41
2026-10-06,341,531,1263.148706,70465948620.13
2026-10-06,341,1040,1368.507214,133657741528.57
2026-10-06,341,1374,71.462477,0.0
2026-10-06,341,3459,13.900857,404692307.54
2026-10-06,341,3460,14.381055,62346096859.56
2026-10-06,148,148,495.075903,183750865937.79
2026-10-06,148,304,772.768493,1057673600.66
2026-10-06,148,1373,388.993575,203689166.83
2026-10-06,148,3457,60.144459,208077636.29
2026-10-06,148,3458,66.390333,92729870.24
2026-10-06,382,689,1.903046,60087756.72
2026-10-06,382,690,3.341253,2910.54
2026-10-06,382,4375,3069.525632,540455863.75
2026-10-06,1596,5334,1.018176,1215516354.25
2026-10-06,1596,5248,1.019896,97178218.76
2026-10-06,1596,5335,1.018173,36450844.04
2026-10-06,1596,5249,1.019891,109110551.05
2026-10-06,1596,5336,1.018177,7037182.16
2026-10-06,631,1278,52.107909,31574365065.46
2026-10-06,631,1279,69.187072,0.0
2026-10-06,631,1280,64.776845,1369885255.72
2026-10-06,631,1281,69.478095,0.0
2026-10-06,646,1325,0.471617,449821203.59
2026-10-06,646,1326,0.497779,1140806.22
2026-10-06,646,1327,0.519652,0.0
2026-10-06,646,1328,0.519652,0.0
2026-10-06,646,1329,0.519652,0.0
2026-10-06,646,1330,0.519652,0.0
2026-10-06,646,3333,1.546105,19444159.72
2026-10-06,646,3334,1.557064,25641139.27
2026-10-06,646,3335,1.551722,12834271.92
2026-10-06,646,3298,1.562056,4767730.91
2026-10-06,646,3299,1.670688,0.0
2026-10-06,213,213,5.859296,4197171.56
2026-10-06,213,302,9.408719,0.0
2026-10-06,213,4373,9452.398831,2206570353.71
2026-10-06,213,4374,14325.161443,273930215.16
2026-10-06,645,1319,1.26207,0.0
2026-10-06,645,1320,1.253551,46071412188.26
2026-10-06,645,1321,1.26207,0.0
2026-10-06,645,1322,1.26207,0.0
2026-10-06,645,1323,1.26207,0.0
2026-10-06,645,1324,1.26207,0.0
2026-10-06,149,149,140.268566,256500837480.17
2026-10-06,149,684,159.221993,17842651515.42
2026-10-06,149,2197,80.15868,0.0
2026-10-06,149,1381,128.721178,0.0
2026-10-06,149,3241,41.798588,28159828.82
2026-10-06,149,3242,46.032123,76546469.82
2026-10-06,149,3243,48.156023,0.0
2026-10-06,149,3332,35.784348,0.0
2026-10-06,644,1313,2.814925,0.0
2026-10-06,644,1314,2.781148,25137115251.42
2026-10-06,644,1315,2.814925,0.0
2026-10-06,644,1316,2.814925,0.0
2026-10-06,644,1317,2.814925,0.0
2026-10-06,644,1318,2.814925,0.0
2026-10-06,1772,6043,1.18465,1184.65
2026-10-06,1771,6042,1.077822,5211476255.01
2026-10-06,166,166,178.947197,419830480824.49
2026-10-06,166,305,210.411457,71438070735.41
2026-10-06,166,1379,154.650216,0.0
2026-10-06,166,3247,50.358516,9024768584.93
2026-10-06,166,3248,52.065171,59499066630.83
2026-10-06,166,3249,54.724955,82141782.39
2026-10-06,166,3331,43.662714,0.0
2026-10-06,654,1346,0.420429,303091057.91
2026-10-06,654,1347,0.431986,14149360.42
2026-10-06,654,1348,0.459216,0.0
2026-10-06,654,1349,0.459216,0.0
2026-10-06,654,1350,0.450064,0.0
2026-10-06,654,1351,0.459216,0.0
2026-10-06,654,2657,1.416679,0.0
2026-10-06,654,2658,1.39468,12826200.86
2026-10-06,654,2659,1.400133,19324662.01
2026-10-06,654,2660,1.416679,0.0
2026-10-06,720,1565,1.274851,114295969.77
2026-10-06,720,1564,1.287907,7579384.55
2026-10-06,720,1555,1.32713,6662669.2
2026-10-06,720,1556,1.341333,0.0
2026-10-06,720,2011,1.262063,1901504.39
2026-10-06,720,2012,1.302552,0.0
2026-10-06,632,1282,5.397301,0.0
2026-10-06,632,1283,5.294614,165362013953.96
2026-10-06,632,1284,5.397301,0.0
2026-10-06,632,1285,5.397301,0.0
2026-10-06,51,51,4915.325828,116979957760.78
2026-10-06,51,683,6288.407793,38319700072.55
2026-10-06,51,2160,99.071174,0.0
2026-10-06,51,2198,117.665533,0.0
2026-10-06,51,1380,298.949072,0.0
2026-10-06,51,2661,133.411841,0.0
2026-10-06,51,2662,110.847934,2592475974.44
2026-10-06,51,2663,121.799219,6671884282.84
2026-10-06,51,2664,133.411841,0.0
2026-10-06,1342,3829,8.091082,5151341207.38
2026-10-06,226,226,1394.661396,28656742938.63
2026-10-06,226,1375,1707.699146,0.0
2026-10-06,226,1376,1559.06989,12810091294.15
2026-10-06,226,1377,1559.066193,6995564316.27
2026-10-06,226,1378,153.315084,0.0
2026-10-06,226,3244,41.621364,17471949.27
2026-10-06,226,3245,44.771151,11392955.57
2026-10-06,226,3246,47.783836,0.0
2026-10-06,226,3329,37.190675,0.0
2026-10-06,541,1095,338.217084,0.0
2026-10-06,541,1096,390.818401,0.0
2026-10-06,541,1097,357.355826,70164249383.24
2026-10-06,541,1250,332.288669,0.0
2026-10-06,406,730,168.24032,959460381354.84
2026-10-06,406,731,191.84349,74736417887.6
2026-10-06,406,2582,17.104663,11265435158.19
2026-10-06,406,2583,18.047832,117645330882.12
2026-10-06,406,2584,18.505106,426647587.38
2026-10-06,1782,6082,1.0,0.0
2026-10-06,1782,6083,1.0,0.0
2026-10-06,1782,6084,1.0,0.0
2026-10-06,1782,6085,1.023364,102336.38
2026-10-06,1783,6086,1.0,0.0
2026-10-06,1783,6087,1.0,0.0
2026-10-06,1783,6088,1.0,0.0
2026-10-06,1783,6089,1.034268,203838612.88
2026-10-06,1795,6142,1.0,0.0
2026-10-06,1795,6143,1.0,0.0
2026-10-06,1795,6144,1.0,0.0
2026-10-06,1795,6146,1.0,100000.0
2026-10-06,1511,4515,1.045133,0.0
2026-10-06,1511,4516,1.0,0.0
2026-10-06,1511,4517,1.0,0.0
2026-10-06,1511,4518,1.058955,18283161.73
2026-10-06,1511,5079,1.0,0.0
2026-10-06,1796,6147,1.0,0.0
2026-10-06,1796,6148,1.0,0.0
2026-10-06,1796,6149,1.0,0.0
2026-10-06,1796,6150,1.037195,2835091.75
2026-10-06,1796,6164,1.0,0.0
2026-10-06,1850,6383,1.0,0.0
2026-10-06,1850,6384,1.0,0.0
2026-10-06,1850,6385,1.0,0.0
2026-10-06,1850,6386,0.99755,253178.61
2026-10-06,1867,6455,1.0,0.0
2026-10-06,1867,6456,1.0,0.0
2026-10-06,1867,6457,1.0,0.0
2026-10-06,1867,6458,0.699775,9397600.35
2026-10-06,1866,6451,1.0,0.0
2026-10-06,1866,6452,1.0,0.0
2026-10-06,1866,6453,1.0,0.0
2026-10-06,1866,6454,1.012744,6909389.4
2026-10-06,1510,4511,1.678989,0.0
2026-10-06,1510,4512,1.504391,0.0
2026-10-06,1510,4513,1.259742,0.0
2026-10-06,1510,4514,1.532866,32981966735.64
2026-10-06,1784,6090,1.0,0.0
2026-10-06,1784,6091,1.0,0.0
2026-10-06,1784,6092,1.0,0.0
2026-10-06,1784,6093,1.095651,1095651.37
2026-10-06,1784,6094,1.0,0.0
2026-10-06,1924,6426,1.015083,314552185.42
2026-10-06,1924,6427,1.019309,1323436560.81
2026-10-06,1924,6428,1.0,0.0
2026-10-06,1923,6423,1.000094,20001.88
2026-10-06,1923,6424,0.999827,1072127.72
2026-10-06,1923,6425,1.0,0.0
2026-10-06,1823,6263,1.086845,1357111495.4
2026-10-06,1823,6264,1.089447,11307156735.58
2026-10-06,1823,6265,1.089995,24084928450.42
2026-10-06,52,52,1105.880254,7058665378.42
2026-10-06,52,1154,253.406818,10531732997.89
2026-10-06,52,1155,249.267739,429405213.02
2026-10-06,52,5059,1.823018,1870463.5
2026-10-06,577,1170,1.520072,28185614.1
2026-10-06,720,1171,94.693828,32456583195.08
2026-10-06,577,4519,56.250556,0.0
2026-10-06,560,1132,55.537608,41950371384.97
2026-10-06,560,1133,60.392286,376899026658.79
2026-10-06,560,1134,38.776086,7690642749.04
2026-10-06,560,5070,1.703519,69422220.77
2026-10-06,1815,6232,1.013084,1809655.57
2026-10-06,1815,6233,1.013447,2410366.49
2026-10-06,1815,6234,1.013238,154926.34
2026-10-06,1815,6235,1.002258,0.0
2026-10-06,1310,3723,22.594916,2435181064.44
2026-10-06,1310,3724,23.06636,6708088217.39
2026-10-06,1310,3725,23.451687,72462496.69
2026-10-06,1310,3726,16.911687,0.0
2026-10-06,1310,5069,1.834358,10236464.46
2026-10-06,1416,4136,1.433506,1844517869.57
2026-10-06,1416,4135,4.17875,31646211446.57
2026-10-06,1416,4137,1.400801,173011064.23
2026-10-06,775,1744,0.19617,8332103.81
2026-10-06,775,1745,0.205099,22286769.84
2026-10-06,775,1746,0.199557,531949.88
2026-10-06,775,5068,1.632862,289796.92
2026-10-06,1894,6545,1.063524,78567303921.83
2026-10-06,1466,6771,1.0,0.0
2026-10-06,1466,6772,1.014537,17833188356.03
2026-10-06,1466,6773,1.0,0.0
2026-10-06,1466,6774,1.0,0.0
2026-10-06,1394,4035,7.774485,13027016427.56
2026-10-06,578,1172,27.41571,1449704045.55
2026-10-06,578,1173,150.796026,5515673277.94
2026-10-06,578,3273,28.680328,34037342.6
2026-10-06,578,5067,1.624502,22743024.28
2026-10-06,1539,4634,1.643014,192161052.06
2026-10-06,1539,4635,1.806519,8222499337.74
2026-10-06,1539,4636,1.007138,791083.17
2026-10-06,1539,5066,1.0,0.0
2026-10-06,733,5065,1.049361,0.0
2026-10-06,733,1599,1.234156,1768404.71
2026-10-06,733,1598,1.214743,7271787.19
2026-10-06,733,1597,1.064998,0.0
2026-10-06,733,3278,1545.122655,0.0
2026-10-06,1567,5054,1.019411,22058133.73
2026-10-06,1567,5055,1.021417,36295655.83
2026-10-06,1567,5056,1.020421,4047338.36
2026-10-06,1567,5057,1.0,0.0
2026-10-06,1567,5058,1.019416,79065.05
2026-10-06,561,1135,319.332452,3513009716.6
2026-10-06,561,1136,347.134873,3819207391.97
2026-10-06,561,1137,342.095722,137632897.55
2026-10-06,561,2353,6.761183,0.0
2026-10-06,561,5064,1.564567,30710213.07
2026-10-06,1482,4393,1.12992,12932775.22
2026-10-06,1482,4394,1.13431,4513697.53
2026-10-06,1482,4395,1.135713,1714125.43
2026-10-06,1482,5063,1.09545,42374.48
2026-10-06,562,1138,78.616449,15868025383.82
2026-10-06,562,1139,83.064791,58045503259.6
2026-10-06,562,1140,81.699336,1373089644.11
2026-10-06,562,5061,1.87117,9804315.14
2026-10-06,563,1141,250.510265,832690480.08
2026-10-06,563,1142,540.950562,25200309491.84
2026-10-06,563,1143,261.471893,21281109.62
2026-10-06,563,3738,18.720166,222510504836.52
2026-10-06,563,5062,1.0,0.0
2026-10-06,776,1747,56.157919,7909577607.77
2026-10-06,776,1748,67.053163,19516366473.19
2026-10-06,776,1749,57.555161,1290038610.37
2026-10-06,776,5060,1.961993,1985288.19
2026-10-06,444,6052,230.884041,0.0
2026-10-06,444,6053,3869.424204,39982021459.94
2026-10-06,444,6054,1.0,0.0
2026-10-06,1624,5384,1.091421,4803952.16
2026-10-06,1624,5385,1.09142,4651910.08
2026-10-06,1624,5386,1.0,0.0
2026-10-06,1624,5389,1.0,0.0
2026-10-06,1624,5390,1.0,0.0
2026-10-06,1624,5391,1.064256,0.0
2026-10-06,1624,5392,1.057585,0.0
2026-10-06,1280,3564,8.996093,3023550479.19
2026-10-06,1280,3565,8.996099,6008656098.37
2026-10-06,1280,5495,1.322926,0.0
2026-10-06,1307,3713,8.649834,167325294715.47
2026-10-06,1307,3714,4.744321,51195139573.4
2026-10-06,1307,3715,8.990042,5255568011.75
2026-10-06,1566,5027,1.822804,2105777631.27
2026-10-06,1566,5028,1.096892,145504020.33
2026-10-06,1566,5029,1.915117,1025361.8
2026-10-06,1564,5021,2.02202,11388285026.54
2026-10-06,1564,5022,1.529312,1194043172.44
2026-10-06,1564,5023,2.063972,1413314.07
2026-10-06,1563,5018,1.190582,46306690.13
2026-10-06,1563,5019,1.003239,96288.88
2026-10-06,1563,5020,1.203228,954447.45
2026-10-06,1346,3839,13.516184,4081694371.49
2026-10-06,1346,3840,1.0,0.0
2026-10-06,1346,3841,13.961932,6189678.28
2026-10-06,1495,4459,2.172462,1187565711.99
2026-10-06,1495,4460,1.0,0.0
2026-10-06,1495,4461,2.278865,1014533.55
2026-10-06,1565,5024,2.17339,2243395375.26
2026-10-06,1565,5025,1.0,0.0
2026-10-06,1565,5026,2.237289,1239428.5
2026-10-06,2008,6721,1.010755,10107.55
2026-10-06,2008,6722,1.010755,1010755141.85
2026-10-06,874,2511,20.023676,16346964957.26
2026-10-06,874,2512,2.223802,92561684.45
2026-10-06,873,2509,12.76232,3812974003.36
2026-10-06,873,2510,12.501541,3587909014.86
2026-10-06,1718,5775,1.012253,2303768.59
2026-10-06,1718,5776,1.011958,4114232.74
2026-10-06,1718,5937,1.00365,0.0
2026-10-06,856,2452,29.556148,4580086508.15
2026-10-06,856,2453,28.761658,731975095.53
2026-10-06,1446,4248,2.639985,1754733.26
2026-10-06,1446,4249,1.0,0.0
2026-10-06,1447,4250,2.534194,32704546153.17
2026-10-06,1447,4251,1.647696,0.0
2026-10-06,1627,5399,1.327781,764920770.3
2026-10-06,1627,5400,1.327676,89756820.94
2026-10-06,1694,5657,0.976187,435299862.33
2026-10-06,1694,5658,1.0,0.0
2026-10-06,1757,5941,1.100052,146843214.97
2026-10-06,1757,5942,1.0,0.0
2026-10-06,1802,6172,1.117729,936544712.93
2026-10-06,1802,6173,1.114448,252252024.06
2026-10-06,875,2513,0.937113,0.0
2026-10-06,875,2514,0.917596,15772.94
2026-10-06,875,2515,1.113182,1323214.54
2026-10-06,875,2516,1.097346,367731.52
2026-10-06,875,5104,1.05803,107.83
2026-10-06,855,2450,37.419284,87746898.65
2026-10-06,855,2451,35.750244,962264317.67
2026-10-06,857,2454,13.160987,92999252.19
2026-10-06,857,2455,12.698365,45432709.71
2026-10-06,857,2456,1.0,0.0
2026-10-06,857,2457,1.0,0.0
2026-10-06,1171,3142,1.320649,17579.16
2026-10-06,1212,3352,12.540736,1266878626.55
2026-10-06,1212,3353,13.113859,14856501089.47
2026-10-06,1212,3354,13.864946,3195415052.24
2026-10-06,1212,6160,1.153775,6040378384.01
2026-10-06,1212,6161,1.160229,0.0
2026-10-06,1212,6543,1.065116,53547726432.37
2026-10-06,1212,6544,1.06852,0.0
2026-10-06,1212,4757,1.715601,75759551.97
2026-10-06,1212,4758,1.729978,75854.1
2026-10-06,1975,6637,1.019126,0.0
2026-10-06,1975,6638,1.016686,5143777.88
2026-10-06,1838,6332,1.003991,131589.28
2026-10-06,1838,6333,1.004023,307729.37
2026-10-06,1838,6334,1.004352,41.49
2026-10-06,1838,6335,1.0,0.0
2026-10-06,1586,5171,0.731379,617778465.09
2026-10-06,1586,5172,0.731379,1363488236.6
2026-10-06,1586,5173,0.628171,288337.34
2026-10-06,1586,5174,0.973463,0.0
2026-10-06,1586,5180,0.643798,66.26
2026-10-06,1722,5792,1.0,0.0
2026-10-06,1722,5793,1.490897,3172240220.12
2026-10-06,1742,5883,1.200479,602699822.74
2026-10-06,1742,5884,1.160482,6362075153.82
2026-10-06,1839,6337,1.173554,560214479.19
2026-10-06,1839,6338,1.128875,185236893.34
2026-10-06,1839,6339,1.0,0.0
2026-10-06,1591,5214,0.896327,2153713.44
2026-10-06,1591,5215,0.925273,2060606.98
2026-10-06,1591,5216,0.928417,29.54
2026-10-06,1591,5221,0.934711,0.0
2026-10-06,1584,5158,0.999297,704788005.41
2026-10-06,1584,5159,1.010709,15767758536.95
2026-10-06,1584,5160,0.950195,1244012.42
2026-10-06,1584,5161,1.0,0.0
2026-10-06,1584,5168,0.910596,0.0
2026-10-06,1723,5798,0.944849,1019265335.51
2026-10-06,1723,5799,0.893872,2402605864.3
2026-10-06,1587,5181,1.558364,260274345.99
2026-10-06,1587,5182,1.563312,6065116335.64
2026-10-06,1587,5183,1.536793,7177054.45
2026-10-06,1587,5184,1.470574,2034730249.87
2026-10-06,1587,5190,1.454714,4449162.17
2026-10-06,1589,5194,0.58703,1487269694.23
2026-10-06,1589,5195,0.765369,5669556995.7
2026-10-06,1589,5196,0.737609,33877.15
2026-10-06,1589,5197,1.052042,67748223.52
2026-10-06,1589,5203,0.823668,0.0
2026-10-06,1590,5204,1.651884,2352108405.26
2026-10-06,1590,5205,1.670491,6480291420.88
2026-10-06,1590,5206,1.562024,23969277.12
2026-10-06,1590,5207,1.02733,466726937.18
2026-10-06,1590,5211,1.0,0.0
2026-10-06,1590,5213,1.282581,0.0
2026-10-06,821,2292,2.450043,0.0
2026-10-06,821,2293,16.939573,4048714288.25
2026-10-06,821,2294,1.0,0.0
2026-10-06,814,2211,40.689738,27160816480.32
2026-10-06,814,2212,78.018428,101058475344.14
2026-10-06,814,2213,4.241313,5964.27
2026-10-06,1374,3947,0.939751,505907859.88
2026-10-06,1374,3948,1.0,0.0
2026-10-06,1374,3949,6.015845,150446.33
2026-10-06,1411,4112,3.120995,5205474830.88
2026-10-06,1411,4113,3.122595,5106636989.01
2026-10-06,1411,4114,1.0,0.0
2026-10-06,1683,5611,1.0,0.0
2026-10-06,1683,5612,1.448984,50892842180.97
2026-10-06,809,2127,1.037077,0.0
2026-10-06,809,2128,95.536004,18486692155.31
2026-10-06,809,2129,1.837234,0.0
2026-10-06,1559,5000,1.57107,4209560558.28
2026-10-06,1559,5001,1.569791,58595184894.34
2026-10-06,820,2284,1.137884,6242336.53
2026-10-06,820,2285,0.375495,6985266.99
2026-10-06,820,2286,1.0,0.0
2026-10-06,820,2287,1.0,0.0
